file_name,d1p,d1v,d2p,d2v,d3p,d3v
ToyTrain/train/section_00_source_train_normal_0033_noAttribute.wav,,,,,,
ToyTrain/train/section_00_source_train_normal_0034_noAttribute.wav,,,,,,
ToyTrain/train/section_00_source_train_normal_0040_noAttribute.wav,,,,,,
ToyTrain/train/section_00_source_train_normal_0041_noAttribute.wav,,,,,,
ToyTrain/train/section_00_source_train_normal_0042_noAttribute.wav,,,,,,
ToyTrain/train/section_00_source_train_normal_0056_noAttribute.wav,,,,,,
ToyTrain/train/section_00_source_train_normal_0092_noAttribute.wav,,,,,,
ToyTrain/train/section_00_source_train_normal_0145_noAttribute.wav,,,,,,
ToyTrain/train/section_00_source_train_normal_0146_noAttribute.wav,,,,,,
ToyTrain/train/section_00_source_train_normal_0163_noAttribute.wav,,,,,,
ToyTrain/train/section_00_source_train_normal_0164_noAttribute.wav,,,,,,
ToyTrain/train/section_00_source_train_normal_0165_noAttribute.wav,,,,,,
ToyTrain/train/section_00_source_train_normal_0166_noAttribute.wav,,,,,,
ToyTrain/train/section_00_source_train_normal_0167_noAttribute.wav,,,,,,
ToyTrain/train/section_00_source_train_normal_0168_noAttribute.wav,,,,,,
ToyTrain/train/section_00_source_train_normal_0160_noAttribute.wav,,,,,,
ToyTrain/train/section_00_source_train_normal_0161_noAttribute.wav,,,,,,
ToyTrain/train/section_00_source_train_normal_0162_noAttribute.wav,,,,,,
ToyTrain/train/section_00_source_train_normal_0149_noAttribute.wav,,,,,,
ToyTrain/train/section_00_source_train_normal_0150_noAttribute.wav,,,,,,
ToyTrain/train/section_00_source_train_normal_0151_noAttribute.wav,,,,,,
ToyTrain/train/section_00_source_train_normal_0152_noAttribute.wav,,,,,,
ToyTrain/train/section_00_source_train_normal_0153_noAttribute.wav,,,,,,
ToyTrain/train/section_00_source_train_normal_0154_noAttribute.wav,,,,,,
ToyTrain/train/section_00_source_train_normal_0155_noAttribute.wav,,,,,,
ToyTrain/train/section_00_source_train_normal_0156_noAttribute.wav,,,,,,
ToyTrain/train/section_00_source_train_normal_0157_noAttribute.wav,,,,,,
ToyTrain/train/section_00_source_train_normal_0158_noAttribute.wav,,,,,,
ToyTrain/train/section_00_source_train_normal_0159_noAttribute.wav,,,,,,
ToyTrain/train/section_00_source_train_normal_0147_noAttribute.wav,,,,,,
ToyTrain/train/section_00_source_train_normal_0148_noAttribute.wav,,,,,,
ToyTrain/train/section_00_source_train_normal_0105_noAttribute.wav,,,,,,
ToyTrain/train/section_00_source_train_normal_0106_noAttribute.wav,,,,,,
ToyTrain/train/section_00_source_train_normal_0107_noAttribute.wav,,,,,,
ToyTrain/train/section_00_source_train_normal_0108_noAttribute.wav,,,,,,
ToyTrain/train/section_00_source_train_normal_0109_noAttribute.wav,,,,,,
ToyTrain/train/section_00_source_train_normal_0110_noAttribute.wav,,,,,,
ToyTrain/train/section_00_source_train_normal_0111_noAttribute.wav,,,,,,
ToyTrain/train/section_00_source_train_normal_0112_noAttribute.wav,,,,,,
ToyTrain/train/section_00_source_train_normal_0113_noAttribute.wav,,,,,,
ToyTrain/train/section_00_source_train_normal_0114_noAttribute.wav,,,,,,
ToyTrain/train/section_00_source_train_normal_0115_noAttribute.wav,,,,,,
ToyTrain/train/section_00_source_train_normal_0116_noAttribute.wav,,,,,,
ToyTrain/train/section_00_source_train_normal_0117_noAttribute.wav,,,,,,
ToyTrain/train/section_00_source_train_normal_0118_noAttribute.wav,,,,,,
ToyTrain/train/section_00_source_train_normal_0119_noAttribute.wav,,,,,,
ToyTrain/train/section_00_source_train_normal_0120_noAttribute.wav,,,,,,
ToyTrain/train/section_00_source_train_normal_0121_noAttribute.wav,,,,,,
ToyTrain/train/section_00_source_train_normal_0122_noAttribute.wav,,,,,,
ToyTrain/train/section_00_source_train_normal_0123_noAttribute.wav,,,,,,
ToyTrain/train/section_00_source_train_normal_0124_noAttribute.wav,,,,,,
ToyTrain/train/section_00_source_train_normal_0125_noAttribute.wav,,,,,,
ToyTrain/train/section_00_source_train_normal_0126_noAttribute.wav,,,,,,
ToyTrain/train/section_00_source_train_normal_0127_noAttribute.wav,,,,,,
ToyTrain/train/section_00_source_train_normal_0128_noAttribute.wav,,,,,,
ToyTrain/train/section_00_source_train_normal_0129_noAttribute.wav,,,,,,
ToyTrain/train/section_00_source_train_normal_0130_noAttribute.wav,,,,,,
ToyTrain/train/section_00_source_train_normal_0131_noAttribute.wav,,,,,,
ToyTrain/train/section_00_source_train_normal_0132_noAttribute.wav,,,,,,
ToyTrain/train/section_00_source_train_normal_0133_noAttribute.wav,,,,,,
ToyTrain/train/section_00_source_train_normal_0134_noAttribute.wav,,,,,,
ToyTrain/train/section_00_source_train_normal_0135_noAttribute.wav,,,,,,
ToyTrain/train/section_00_source_train_normal_0136_noAttribute.wav,,,,,,
ToyTrain/train/section_00_source_train_normal_0137_noAttribute.wav,,,,,,
ToyTrain/train/section_00_source_train_normal_0138_noAttribute.wav,,,,,,
ToyTrain/train/section_00_source_train_normal_0139_noAttribute.wav,,,,,,
ToyTrain/train/section_00_source_train_normal_0140_noAttribute.wav,,,,,,
ToyTrain/train/section_00_source_train_normal_0141_noAttribute.wav,,,,,,
ToyTrain/train/section_00_source_train_normal_0142_noAttribute.wav,,,,,,
ToyTrain/train/section_00_source_train_normal_0143_noAttribute.wav,,,,,,
ToyTrain/train/section_00_source_train_normal_0144_noAttribute.wav,,,,,,
ToyTrain/train/section_00_source_train_normal_0093_noAttribute.wav,,,,,,
ToyTrain/train/section_00_source_train_normal_0094_noAttribute.wav,,,,,,
ToyTrain/train/section_00_source_train_normal_0095_noAttribute.wav,,,,,,
ToyTrain/train/section_00_source_train_normal_0096_noAttribute.wav,,,,,,
ToyTrain/train/section_00_source_train_normal_0097_noAttribute.wav,,,,,,
ToyTrain/train/section_00_source_train_normal_0098_noAttribute.wav,,,,,,
ToyTrain/train/section_00_source_train_normal_0099_noAttribute.wav,,,,,,
ToyTrain/train/section_00_source_train_normal_0100_noAttribute.wav,,,,,,
ToyTrain/train/section_00_source_train_normal_0101_noAttribute.wav,,,,,,
ToyTrain/train/section_00_source_train_normal_0102_noAttribute.wav,,,,,,
ToyTrain/train/section_00_source_train_normal_0103_noAttribute.wav,,,,,,
ToyTrain/train/section_00_source_train_normal_0104_noAttribute.wav,,,,,,
ToyTrain/train/section_00_source_train_normal_0086_noAttribute.wav,,,,,,
ToyTrain/train/section_00_source_train_normal_0087_noAttribute.wav,,,,,,
ToyTrain/train/section_00_source_train_normal_0088_noAttribute.wav,,,,,,
ToyTrain/train/section_00_source_train_normal_0089_noAttribute.wav,,,,,,
ToyTrain/train/section_00_source_train_normal_0090_noAttribute.wav,,,,,,
ToyTrain/train/section_00_source_train_normal_0091_noAttribute.wav,,,,,,
ToyTrain/train/section_00_source_train_normal_0082_noAttribute.wav,,,,,,
ToyTrain/train/section_00_source_train_normal_0083_noAttribute.wav,,,,,,
ToyTrain/train/section_00_source_train_normal_0084_noAttribute.wav,,,,,,
ToyTrain/train/section_00_source_train_normal_0085_noAttribute.wav,,,,,,
ToyTrain/train/section_00_source_train_normal_0031_noAttribute.wav,,,,,,
ToyTrain/train/section_00_source_train_normal_0032_noAttribute.wav,,,,,,
ToyTrain/train/section_00_source_train_normal_0169_noAttribute.wav,,,,,,
ToyTrain/train/section_00_source_train_normal_0170_noAttribute.wav,,,,,,
ToyTrain/train/section_00_source_train_normal_0171_noAttribute.wav,,,,,,
ToyTrain/train/section_00_source_train_normal_0172_noAttribute.wav,,,,,,
ToyTrain/train/section_00_source_train_normal_0173_noAttribute.wav,,,,,,
ToyTrain/train/section_00_source_train_normal_0174_noAttribute.wav,,,,,,
ToyTrain/train/section_00_source_train_normal_0175_noAttribute.wav,,,,,,
ToyTrain/train/section_00_source_train_normal_0176_noAttribute.wav,,,,,,
ToyTrain/train/section_00_source_train_normal_0177_noAttribute.wav,,,,,,
ToyTrain/train/section_00_source_train_normal_0178_noAttribute.wav,,,,,,
ToyTrain/train/section_00_source_train_normal_0179_noAttribute.wav,,,,,,
ToyTrain/train/section_00_source_train_normal_0180_noAttribute.wav,,,,,,
ToyTrain/train/section_00_source_train_normal_0181_noAttribute.wav,,,,,,
ToyTrain/train/section_00_source_train_normal_0182_noAttribute.wav,,,,,,
ToyTrain/train/section_00_source_train_normal_0183_noAttribute.wav,,,,,,
ToyTrain/train/section_00_source_train_normal_0184_noAttribute.wav,,,,,,
ToyTrain/train/section_00_source_train_normal_0185_noAttribute.wav,,,,,,
ToyTrain/train/section_00_source_train_normal_0186_noAttribute.wav,,,,,,
ToyTrain/train/section_00_source_train_normal_0187_noAttribute.wav,,,,,,
ToyTrain/train/section_00_source_train_normal_0188_noAttribute.wav,,,,,,
ToyTrain/train/section_00_source_train_normal_0189_noAttribute.wav,,,,,,
ToyTrain/train/section_00_source_train_normal_0190_noAttribute.wav,,,,,,
ToyTrain/train/section_00_source_train_normal_0191_noAttribute.wav,,,,,,
ToyTrain/train/section_00_source_train_normal_0192_noAttribute.wav,,,,,,
ToyTrain/train/section_00_source_train_normal_0193_noAttribute.wav,,,,,,
ToyTrain/train/section_00_source_train_normal_0194_noAttribute.wav,,,,,,
ToyTrain/train/section_00_source_train_normal_0195_noAttribute.wav,,,,,,
ToyTrain/train/section_00_source_train_normal_0196_noAttribute.wav,,,,,,
ToyTrain/train/section_00_source_train_normal_0197_noAttribute.wav,,,,,,
ToyTrain/train/section_00_source_train_normal_0198_noAttribute.wav,,,,,,
ToyTrain/train/section_00_source_train_normal_0199_noAttribute.wav,,,,,,
ToyTrain/train/section_00_source_train_normal_0200_noAttribute.wav,,,,,,
ToyTrain/train/section_00_source_train_normal_0201_noAttribute.wav,,,,,,
ToyTrain/train/section_00_source_train_normal_0202_noAttribute.wav,,,,,,
ToyTrain/train/section_00_source_train_normal_0203_noAttribute.wav,,,,,,
ToyTrain/train/section_00_source_train_normal_0204_noAttribute.wav,,,,,,
ToyTrain/train/section_00_source_train_normal_0205_noAttribute.wav,,,,,,
ToyTrain/train/section_00_source_train_normal_0206_noAttribute.wav,,,,,,
ToyTrain/train/section_00_source_train_normal_0207_noAttribute.wav,,,,,,
ToyTrain/train/section_00_source_train_normal_0208_noAttribute.wav,,,,,,
ToyTrain/train/section_00_source_train_normal_0209_noAttribute.wav,,,,,,
ToyTrain/train/section_00_source_train_normal_0210_noAttribute.wav,,,,,,
ToyTrain/train/section_00_source_train_normal_0211_noAttribute.wav,,,,,,
ToyTrain/train/section_00_source_train_normal_0212_noAttribute.wav,,,,,,
ToyTrain/train/section_00_source_train_normal_0213_noAttribute.wav,,,,,,
ToyTrain/train/section_00_source_train_normal_0214_noAttribute.wav,,,,,,
ToyTrain/train/section_00_source_train_normal_0215_noAttribute.wav,,,,,,
ToyTrain/train/section_00_source_train_normal_0216_noAttribute.wav,,,,,,
ToyTrain/train/section_00_source_train_normal_0217_noAttribute.wav,,,,,,
ToyTrain/train/section_00_source_train_normal_0218_noAttribute.wav,,,,,,
ToyTrain/train/section_00_source_train_normal_0219_noAttribute.wav,,,,,,
ToyTrain/train/section_00_source_train_normal_0220_noAttribute.wav,,,,,,
ToyTrain/train/section_00_source_train_normal_0221_noAttribute.wav,,,,,,
ToyTrain/train/section_00_source_train_normal_0222_noAttribute.wav,,,,,,
ToyTrain/train/section_00_source_train_normal_0223_noAttribute.wav,,,,,,
ToyTrain/train/section_00_source_train_normal_0224_noAttribute.wav,,,,,,
ToyTrain/train/section_00_source_train_normal_0225_noAttribute.wav,,,,,,
ToyTrain/train/section_00_source_train_normal_0226_noAttribute.wav,,,,,,
ToyTrain/train/section_00_source_train_normal_0227_noAttribute.wav,,,,,,
ToyTrain/train/section_00_source_train_normal_0228_noAttribute.wav,,,,,,
ToyTrain/train/section_00_source_train_normal_0229_noAttribute.wav,,,,,,
ToyTrain/train/section_00_source_train_normal_0230_noAttribute.wav,,,,,,
ToyTrain/train/section_00_source_train_normal_0231_noAttribute.wav,,,,,,
ToyTrain/train/section_00_source_train_normal_0232_noAttribute.wav,,,,,,
ToyTrain/train/section_00_source_train_normal_0233_noAttribute.wav,,,,,,
ToyTrain/train/section_00_source_train_normal_0234_noAttribute.wav,,,,,,
ToyTrain/train/section_00_source_train_normal_0235_noAttribute.wav,,,,,,
ToyTrain/train/section_00_source_train_normal_0236_noAttribute.wav,,,,,,
ToyTrain/train/section_00_source_train_normal_0237_noAttribute.wav,,,,,,
ToyTrain/train/section_00_source_train_normal_0238_noAttribute.wav,,,,,,
ToyTrain/train/section_00_source_train_normal_0239_noAttribute.wav,,,,,,
ToyTrain/train/section_00_source_train_normal_0240_noAttribute.wav,,,,,,
ToyTrain/train/section_00_source_train_normal_0241_noAttribute.wav,,,,,,
ToyTrain/train/section_00_source_train_normal_0242_noAttribute.wav,,,,,,
ToyTrain/train/section_00_source_train_normal_0243_noAttribute.wav,,,,,,
ToyTrain/train/section_00_source_train_normal_0244_noAttribute.wav,,,,,,
ToyTrain/train/section_00_source_train_normal_0245_noAttribute.wav,,,,,,
ToyTrain/train/section_00_source_train_normal_0246_noAttribute.wav,,,,,,
ToyTrain/train/section_00_source_train_normal_0247_noAttribute.wav,,,,,,
ToyTrain/train/section_00_source_train_normal_0248_noAttribute.wav,,,,,,
ToyTrain/train/section_00_source_train_normal_0249_noAttribute.wav,,,,,,
ToyTrain/train/section_00_source_train_normal_0250_noAttribute.wav,,,,,,
ToyTrain/train/section_00_source_train_normal_0251_noAttribute.wav,,,,,,
ToyTrain/train/section_00_source_train_normal_0252_noAttribute.wav,,,,,,
ToyTrain/train/section_00_source_train_normal_0253_noAttribute.wav,,,,,,
ToyTrain/train/section_00_source_train_normal_0254_noAttribute.wav,,,,,,
ToyTrain/train/section_00_source_train_normal_0255_noAttribute.wav,,,,,,
ToyTrain/train/section_00_source_train_normal_0256_noAttribute.wav,,,,,,
ToyTrain/train/section_00_source_train_normal_0257_noAttribute.wav,,,,,,
ToyTrain/train/section_00_source_train_normal_0258_noAttribute.wav,,,,,,
ToyTrain/train/section_00_source_train_normal_0259_noAttribute.wav,,,,,,
ToyTrain/train/section_00_source_train_normal_0260_noAttribute.wav,,,,,,
ToyTrain/train/section_00_source_train_normal_0261_noAttribute.wav,,,,,,
ToyTrain/train/section_00_source_train_normal_0262_noAttribute.wav,,,,,,
ToyTrain/train/section_00_source_train_normal_0263_noAttribute.wav,,,,,,
ToyTrain/train/section_00_source_train_normal_0264_noAttribute.wav,,,,,,
ToyTrain/train/section_00_source_train_normal_0265_noAttribute.wav,,,,,,
ToyTrain/train/section_00_source_train_normal_0266_noAttribute.wav,,,,,,
ToyTrain/train/section_00_source_train_normal_0267_noAttribute.wav,,,,,,
ToyTrain/train/section_00_source_train_normal_0268_noAttribute.wav,,,,,,
ToyTrain/train/section_00_source_train_normal_0269_noAttribute.wav,,,,,,
ToyTrain/train/section_00_source_train_normal_0270_noAttribute.wav,,,,,,
ToyTrain/train/section_00_source_train_normal_0271_noAttribute.wav,,,,,,
ToyTrain/train/section_00_source_train_normal_0272_noAttribute.wav,,,,,,
ToyTrain/train/section_00_source_train_normal_0273_noAttribute.wav,,,,,,
ToyTrain/train/section_00_source_train_normal_0274_noAttribute.wav,,,,,,
ToyTrain/train/section_00_source_train_normal_0275_noAttribute.wav,,,,,,
ToyTrain/train/section_00_source_train_normal_0276_noAttribute.wav,,,,,,
ToyTrain/train/section_00_source_train_normal_0277_noAttribute.wav,,,,,,
ToyTrain/train/section_00_source_train_normal_0278_noAttribute.wav,,,,,,
ToyTrain/train/section_00_source_train_normal_0279_noAttribute.wav,,,,,,
ToyTrain/train/section_00_source_train_normal_0280_noAttribute.wav,,,,,,
ToyTrain/train/section_00_source_train_normal_0281_noAttribute.wav,,,,,,
ToyTrain/train/section_00_source_train_normal_0282_noAttribute.wav,,,,,,
ToyTrain/train/section_00_source_train_normal_0283_noAttribute.wav,,,,,,
ToyTrain/train/section_00_source_train_normal_0284_noAttribute.wav,,,,,,
ToyTrain/train/section_00_source_train_normal_0285_noAttribute.wav,,,,,,
ToyTrain/train/section_00_source_train_normal_0286_noAttribute.wav,,,,,,
ToyTrain/train/section_00_source_train_normal_0287_noAttribute.wav,,,,,,
ToyTrain/train/section_00_source_train_normal_0288_noAttribute.wav,,,,,,
ToyTrain/train/section_00_source_train_normal_0289_noAttribute.wav,,,,,,
ToyTrain/train/section_00_source_train_normal_0290_noAttribute.wav,,,,,,
ToyTrain/train/section_00_source_train_normal_0291_noAttribute.wav,,,,,,
ToyTrain/train/section_00_source_train_normal_0292_noAttribute.wav,,,,,,
ToyTrain/train/section_00_source_train_normal_0293_noAttribute.wav,,,,,,
ToyTrain/train/section_00_source_train_normal_0294_noAttribute.wav,,,,,,
ToyTrain/train/section_00_source_train_normal_0295_noAttribute.wav,,,,,,
ToyTrain/train/section_00_source_train_normal_0296_noAttribute.wav,,,,,,
ToyTrain/train/section_00_source_train_normal_0297_noAttribute.wav,,,,,,
ToyTrain/train/section_00_source_train_normal_0298_noAttribute.wav,,,,,,
ToyTrain/train/section_00_source_train_normal_0299_noAttribute.wav,,,,,,
ToyTrain/train/section_00_source_train_normal_0300_noAttribute.wav,,,,,,
ToyTrain/train/section_00_source_train_normal_0301_noAttribute.wav,,,,,,
ToyTrain/train/section_00_source_train_normal_0302_noAttribute.wav,,,,,,
ToyTrain/train/section_00_source_train_normal_0303_noAttribute.wav,,,,,,
ToyTrain/train/section_00_source_train_normal_0304_noAttribute.wav,,,,,,
ToyTrain/train/section_00_source_train_normal_0305_noAttribute.wav,,,,,,
ToyTrain/train/section_00_source_train_normal_0306_noAttribute.wav,,,,,,
ToyTrain/train/section_00_source_train_normal_0307_noAttribute.wav,,,,,,
ToyTrain/train/section_00_source_train_normal_0308_noAttribute.wav,,,,,,
ToyTrain/train/section_00_source_train_normal_0309_noAttribute.wav,,,,,,
ToyTrain/train/section_00_source_train_normal_0310_noAttribute.wav,,,,,,
ToyTrain/train/section_00_source_train_normal_0311_noAttribute.wav,,,,,,
ToyTrain/train/section_00_source_train_normal_0312_noAttribute.wav,,,,,,
ToyTrain/train/section_00_source_train_normal_0313_noAttribute.wav,,,,,,
ToyTrain/train/section_00_source_train_normal_0314_noAttribute.wav,,,,,,
ToyTrain/train/section_00_source_train_normal_0315_noAttribute.wav,,,,,,
ToyTrain/train/section_00_source_train_normal_0316_noAttribute.wav,,,,,,
ToyTrain/train/section_00_source_train_normal_0317_noAttribute.wav,,,,,,
ToyTrain/train/section_00_source_train_normal_0318_noAttribute.wav,,,,,,
ToyTrain/train/section_00_source_train_normal_0319_noAttribute.wav,,,,,,
ToyTrain/train/section_00_source_train_normal_0320_noAttribute.wav,,,,,,
ToyTrain/train/section_00_source_train_normal_0321_noAttribute.wav,,,,,,
ToyTrain/train/section_00_source_train_normal_0322_noAttribute.wav,,,,,,
ToyTrain/train/section_00_source_train_normal_0323_noAttribute.wav,,,,,,
ToyTrain/train/section_00_source_train_normal_0324_noAttribute.wav,,,,,,
ToyTrain/train/section_00_source_train_normal_0325_noAttribute.wav,,,,,,
ToyTrain/train/section_00_source_train_normal_0326_noAttribute.wav,,,,,,
ToyTrain/train/section_00_source_train_normal_0327_noAttribute.wav,,,,,,
ToyTrain/train/section_00_source_train_normal_0328_noAttribute.wav,,,,,,
ToyTrain/train/section_00_source_train_normal_0329_noAttribute.wav,,,,,,
ToyTrain/train/section_00_source_train_normal_0330_noAttribute.wav,,,,,,
ToyTrain/train/section_00_source_train_normal_0331_noAttribute.wav,,,,,,
ToyTrain/train/section_00_source_train_normal_0332_noAttribute.wav,,,,,,
ToyTrain/train/section_00_source_train_normal_0333_noAttribute.wav,,,,,,
ToyTrain/train/section_00_source_train_normal_0334_noAttribute.wav,,,,,,
ToyTrain/train/section_00_source_train_normal_0335_noAttribute.wav,,,,,,
ToyTrain/train/section_00_source_train_normal_0336_noAttribute.wav,,,,,,
ToyTrain/train/section_00_source_train_normal_0337_noAttribute.wav,,,,,,
ToyTrain/train/section_00_source_train_normal_0338_noAttribute.wav,,,,,,
ToyTrain/train/section_00_source_train_normal_0339_noAttribute.wav,,,,,,
ToyTrain/train/section_00_source_train_normal_0340_noAttribute.wav,,,,,,
ToyTrain/train/section_00_source_train_normal_0341_noAttribute.wav,,,,,,
ToyTrain/train/section_00_source_train_normal_0342_noAttribute.wav,,,,,,
ToyTrain/train/section_00_source_train_normal_0343_noAttribute.wav,,,,,,
ToyTrain/train/section_00_source_train_normal_0344_noAttribute.wav,,,,,,
ToyTrain/train/section_00_source_train_normal_0345_noAttribute.wav,,,,,,
ToyTrain/train/section_00_source_train_normal_0346_noAttribute.wav,,,,,,
ToyTrain/train/section_00_source_train_normal_0347_noAttribute.wav,,,,,,
ToyTrain/train/section_00_source_train_normal_0348_noAttribute.wav,,,,,,
ToyTrain/train/section_00_source_train_normal_0349_noAttribute.wav,,,,,,
ToyTrain/train/section_00_source_train_normal_0350_noAttribute.wav,,,,,,
ToyTrain/train/section_00_source_train_normal_0351_noAttribute.wav,,,,,,
ToyTrain/train/section_00_source_train_normal_0352_noAttribute.wav,,,,,,
ToyTrain/train/section_00_source_train_normal_0353_noAttribute.wav,,,,,,
ToyTrain/train/section_00_source_train_normal_0354_noAttribute.wav,,,,,,
ToyTrain/train/section_00_source_train_normal_0355_noAttribute.wav,,,,,,
ToyTrain/train/section_00_source_train_normal_0356_noAttribute.wav,,,,,,
ToyTrain/train/section_00_source_train_normal_0357_noAttribute.wav,,,,,,
ToyTrain/train/section_00_source_train_normal_0358_noAttribute.wav,,,,,,
ToyTrain/train/section_00_source_train_normal_0359_noAttribute.wav,,,,,,
ToyTrain/train/section_00_source_train_normal_0360_noAttribute.wav,,,,,,
ToyTrain/train/section_00_source_train_normal_0361_noAttribute.wav,,,,,,
ToyTrain/train/section_00_source_train_normal_0362_noAttribute.wav,,,,,,
ToyTrain/train/section_00_source_train_normal_0363_noAttribute.wav,,,,,,
ToyTrain/train/section_00_source_train_normal_0364_noAttribute.wav,,,,,,
ToyTrain/train/section_00_source_train_normal_0365_noAttribute.wav,,,,,,
ToyTrain/train/section_00_source_train_normal_0366_noAttribute.wav,,,,,,
ToyTrain/train/section_00_source_train_normal_0367_noAttribute.wav,,,,,,
ToyTrain/train/section_00_source_train_normal_0368_noAttribute.wav,,,,,,
ToyTrain/train/section_00_source_train_normal_0369_noAttribute.wav,,,,,,
ToyTrain/train/section_00_source_train_normal_0370_noAttribute.wav,,,,,,
ToyTrain/train/section_00_source_train_normal_0371_noAttribute.wav,,,,,,
ToyTrain/train/section_00_source_train_normal_0372_noAttribute.wav,,,,,,
ToyTrain/train/section_00_source_train_normal_0373_noAttribute.wav,,,,,,
ToyTrain/train/section_00_source_train_normal_0374_noAttribute.wav,,,,,,
ToyTrain/train/section_00_source_train_normal_0375_noAttribute.wav,,,,,,
ToyTrain/train/section_00_source_train_normal_0376_noAttribute.wav,,,,,,
ToyTrain/train/section_00_source_train_normal_0377_noAttribute.wav,,,,,,
ToyTrain/train/section_00_source_train_normal_0378_noAttribute.wav,,,,,,
ToyTrain/train/section_00_source_train_normal_0379_noAttribute.wav,,,,,,
ToyTrain/train/section_00_source_train_normal_0380_noAttribute.wav,,,,,,
ToyTrain/train/section_00_source_train_normal_0381_noAttribute.wav,,,,,,
ToyTrain/train/section_00_source_train_normal_0382_noAttribute.wav,,,,,,
ToyTrain/train/section_00_source_train_normal_0383_noAttribute.wav,,,,,,
ToyTrain/train/section_00_source_train_normal_0384_noAttribute.wav,,,,,,
ToyTrain/train/section_00_source_train_normal_0385_noAttribute.wav,,,,,,
ToyTrain/train/section_00_source_train_normal_0386_noAttribute.wav,,,,,,
ToyTrain/train/section_00_source_train_normal_0387_noAttribute.wav,,,,,,
ToyTrain/train/section_00_source_train_normal_0388_noAttribute.wav,,,,,,
ToyTrain/train/section_00_source_train_normal_0389_noAttribute.wav,,,,,,
ToyTrain/train/section_00_source_train_normal_0390_noAttribute.wav,,,,,,
ToyTrain/train/section_00_source_train_normal_0391_noAttribute.wav,,,,,,
ToyTrain/train/section_00_source_train_normal_0392_noAttribute.wav,,,,,,
ToyTrain/train/section_00_source_train_normal_0393_noAttribute.wav,,,,,,
ToyTrain/train/section_00_source_train_normal_0394_noAttribute.wav,,,,,,
ToyTrain/train/section_00_source_train_normal_0395_noAttribute.wav,,,,,,
ToyTrain/train/section_00_source_train_normal_0396_noAttribute.wav,,,,,,
ToyTrain/train/section_00_source_train_normal_0397_noAttribute.wav,,,,,,
ToyTrain/train/section_00_source_train_normal_0398_noAttribute.wav,,,,,,
ToyTrain/train/section_00_source_train_normal_0399_noAttribute.wav,,,,,,
ToyTrain/train/section_00_source_train_normal_0400_noAttribute.wav,,,,,,
ToyTrain/train/section_00_source_train_normal_0401_noAttribute.wav,,,,,,
ToyTrain/train/section_00_source_train_normal_0402_noAttribute.wav,,,,,,
ToyTrain/train/section_00_source_train_normal_0403_noAttribute.wav,,,,,,
ToyTrain/train/section_00_source_train_normal_0404_noAttribute.wav,,,,,,
ToyTrain/train/section_00_source_train_normal_0405_noAttribute.wav,,,,,,
ToyTrain/train/section_00_source_train_normal_0406_noAttribute.wav,,,,,,
ToyTrain/train/section_00_source_train_normal_0407_noAttribute.wav,,,,,,
ToyTrain/train/section_00_source_train_normal_0408_noAttribute.wav,,,,,,
ToyTrain/train/section_00_source_train_normal_0409_noAttribute.wav,,,,,,
ToyTrain/train/section_00_source_train_normal_0410_noAttribute.wav,,,,,,
ToyTrain/train/section_00_source_train_normal_0411_noAttribute.wav,,,,,,
ToyTrain/train/section_00_source_train_normal_0412_noAttribute.wav,,,,,,
ToyTrain/train/section_00_source_train_normal_0413_noAttribute.wav,,,,,,
ToyTrain/train/section_00_source_train_normal_0414_noAttribute.wav,,,,,,
ToyTrain/train/section_00_source_train_normal_0415_noAttribute.wav,,,,,,
ToyTrain/train/section_00_source_train_normal_0416_noAttribute.wav,,,,,,
ToyTrain/train/section_00_source_train_normal_0417_noAttribute.wav,,,,,,
ToyTrain/train/section_00_source_train_normal_0418_noAttribute.wav,,,,,,
ToyTrain/train/section_00_source_train_normal_0419_noAttribute.wav,,,,,,
ToyTrain/train/section_00_source_train_normal_0420_noAttribute.wav,,,,,,
ToyTrain/train/section_00_source_train_normal_0421_noAttribute.wav,,,,,,
ToyTrain/train/section_00_source_train_normal_0422_noAttribute.wav,,,,,,
ToyTrain/train/section_00_source_train_normal_0423_noAttribute.wav,,,,,,
ToyTrain/train/section_00_source_train_normal_0424_noAttribute.wav,,,,,,
ToyTrain/train/section_00_source_train_normal_0425_noAttribute.wav,,,,,,
ToyTrain/train/section_00_source_train_normal_0426_noAttribute.wav,,,,,,
ToyTrain/train/section_00_source_train_normal_0427_noAttribute.wav,,,,,,
ToyTrain/train/section_00_source_train_normal_0428_noAttribute.wav,,,,,,
ToyTrain/train/section_00_source_train_normal_0429_noAttribute.wav,,,,,,
ToyTrain/train/section_00_source_train_normal_0430_noAttribute.wav,,,,,,
ToyTrain/train/section_00_source_train_normal_0431_noAttribute.wav,,,,,,
ToyTrain/train/section_00_source_train_normal_0432_noAttribute.wav,,,,,,
ToyTrain/train/section_00_source_train_normal_0433_noAttribute.wav,,,,,,
ToyTrain/train/section_00_source_train_normal_0434_noAttribute.wav,,,,,,
ToyTrain/train/section_00_source_train_normal_0435_noAttribute.wav,,,,,,
ToyTrain/train/section_00_source_train_normal_0436_noAttribute.wav,,,,,,
ToyTrain/train/section_00_source_train_normal_0437_noAttribute.wav,,,,,,
ToyTrain/train/section_00_source_train_normal_0438_noAttribute.wav,,,,,,
ToyTrain/train/section_00_source_train_normal_0439_noAttribute.wav,,,,,,
ToyTrain/train/section_00_source_train_normal_0440_noAttribute.wav,,,,,,
ToyTrain/train/section_00_source_train_normal_0441_noAttribute.wav,,,,,,
ToyTrain/train/section_00_source_train_normal_0442_noAttribute.wav,,,,,,
ToyTrain/train/section_00_source_train_normal_0443_noAttribute.wav,,,,,,
ToyTrain/train/section_00_source_train_normal_0444_noAttribute.wav,,,,,,
ToyTrain/train/section_00_source_train_normal_0445_noAttribute.wav,,,,,,
ToyTrain/train/section_00_source_train_normal_0446_noAttribute.wav,,,,,,
ToyTrain/train/section_00_source_train_normal_0447_noAttribute.wav,,,,,,
ToyTrain/train/section_00_source_train_normal_0448_noAttribute.wav,,,,,,
ToyTrain/train/section_00_source_train_normal_0449_noAttribute.wav,,,,,,
ToyTrain/train/section_00_source_train_normal_0450_noAttribute.wav,,,,,,
ToyTrain/train/section_00_source_train_normal_0451_noAttribute.wav,,,,,,
ToyTrain/train/section_00_source_train_normal_0452_noAttribute.wav,,,,,,
ToyTrain/train/section_00_source_train_normal_0453_noAttribute.wav,,,,,,
ToyTrain/train/section_00_source_train_normal_0454_noAttribute.wav,,,,,,
ToyTrain/train/section_00_source_train_normal_0455_noAttribute.wav,,,,,,
ToyTrain/train/section_00_source_train_normal_0456_noAttribute.wav,,,,,,
ToyTrain/train/section_00_source_train_normal_0457_noAttribute.wav,,,,,,
ToyTrain/train/section_00_source_train_normal_0458_noAttribute.wav,,,,,,
ToyTrain/train/section_00_source_train_normal_0459_noAttribute.wav,,,,,,
ToyTrain/train/section_00_source_train_normal_0460_noAttribute.wav,,,,,,
ToyTrain/train/section_00_source_train_normal_0461_noAttribute.wav,,,,,,
ToyTrain/train/section_00_source_train_normal_0462_noAttribute.wav,,,,,,
ToyTrain/train/section_00_source_train_normal_0463_noAttribute.wav,,,,,,
ToyTrain/train/section_00_source_train_normal_0464_noAttribute.wav,,,,,,
ToyTrain/train/section_00_source_train_normal_0465_noAttribute.wav,,,,,,
ToyTrain/train/section_00_source_train_normal_0466_noAttribute.wav,,,,,,
ToyTrain/train/section_00_source_train_normal_0467_noAttribute.wav,,,,,,
ToyTrain/train/section_00_source_train_normal_0468_noAttribute.wav,,,,,,
ToyTrain/train/section_00_source_train_normal_0469_noAttribute.wav,,,,,,
ToyTrain/train/section_00_source_train_normal_0470_noAttribute.wav,,,,,,
ToyTrain/train/section_00_source_train_normal_0471_noAttribute.wav,,,,,,
ToyTrain/train/section_00_source_train_normal_0472_noAttribute.wav,,,,,,
ToyTrain/train/section_00_source_train_normal_0473_noAttribute.wav,,,,,,
ToyTrain/train/section_00_source_train_normal_0474_noAttribute.wav,,,,,,
ToyTrain/train/section_00_source_train_normal_0475_noAttribute.wav,,,,,,
ToyTrain/train/section_00_source_train_normal_0476_noAttribute.wav,,,,,,
ToyTrain/train/section_00_source_train_normal_0477_noAttribute.wav,,,,,,
ToyTrain/train/section_00_source_train_normal_0478_noAttribute.wav,,,,,,
ToyTrain/train/section_00_source_train_normal_0479_noAttribute.wav,,,,,,
ToyTrain/train/section_00_source_train_normal_0480_noAttribute.wav,,,,,,
ToyTrain/train/section_00_source_train_normal_0481_noAttribute.wav,,,,,,
ToyTrain/train/section_00_source_train_normal_0482_noAttribute.wav,,,,,,
ToyTrain/train/section_00_source_train_normal_0483_noAttribute.wav,,,,,,
ToyTrain/train/section_00_source_train_normal_0484_noAttribute.wav,,,,,,
ToyTrain/train/section_00_source_train_normal_0485_noAttribute.wav,,,,,,
ToyTrain/train/section_00_source_train_normal_0486_noAttribute.wav,,,,,,
ToyTrain/train/section_00_source_train_normal_0487_noAttribute.wav,,,,,,
ToyTrain/train/section_00_source_train_normal_0488_noAttribute.wav,,,,,,
ToyTrain/train/section_00_source_train_normal_0489_noAttribute.wav,,,,,,
ToyTrain/train/section_00_source_train_normal_0490_noAttribute.wav,,,,,,
ToyTrain/train/section_00_source_train_normal_0491_noAttribute.wav,,,,,,
ToyTrain/train/section_00_source_train_normal_0492_noAttribute.wav,,,,,,
ToyTrain/train/section_00_source_train_normal_0493_noAttribute.wav,,,,,,
ToyTrain/train/section_00_source_train_normal_0494_noAttribute.wav,,,,,,
ToyTrain/train/section_00_source_train_normal_0495_noAttribute.wav,,,,,,
ToyTrain/train/section_00_source_train_normal_0496_noAttribute.wav,,,,,,
ToyTrain/train/section_00_source_train_normal_0497_noAttribute.wav,,,,,,
ToyTrain/train/section_00_source_train_normal_0498_noAttribute.wav,,,,,,
ToyTrain/train/section_00_source_train_normal_0499_noAttribute.wav,,,,,,
ToyTrain/train/section_00_source_train_normal_0500_noAttribute.wav,,,,,,
ToyTrain/train/section_00_source_train_normal_0501_noAttribute.wav,,,,,,
ToyTrain/train/section_00_source_train_normal_0502_noAttribute.wav,,,,,,
ToyTrain/train/section_00_source_train_normal_0503_noAttribute.wav,,,,,,
ToyTrain/train/section_00_source_train_normal_0504_noAttribute.wav,,,,,,
ToyTrain/train/section_00_source_train_normal_0505_noAttribute.wav,,,,,,
ToyTrain/train/section_00_source_train_normal_0506_noAttribute.wav,,,,,,
ToyTrain/train/section_00_source_train_normal_0507_noAttribute.wav,,,,,,
ToyTrain/train/section_00_source_train_normal_0508_noAttribute.wav,,,,,,
ToyTrain/train/section_00_source_train_normal_0509_noAttribute.wav,,,,,,
ToyTrain/train/section_00_source_train_normal_0510_noAttribute.wav,,,,,,
ToyTrain/train/section_00_source_train_normal_0511_noAttribute.wav,,,,,,
ToyTrain/train/section_00_source_train_normal_0512_noAttribute.wav,,,,,,
ToyTrain/train/section_00_source_train_normal_0513_noAttribute.wav,,,,,,
ToyTrain/train/section_00_source_train_normal_0514_noAttribute.wav,,,,,,
ToyTrain/train/section_00_source_train_normal_0515_noAttribute.wav,,,,,,
ToyTrain/train/section_00_source_train_normal_0516_noAttribute.wav,,,,,,
ToyTrain/train/section_00_source_train_normal_0517_noAttribute.wav,,,,,,
ToyTrain/train/section_00_source_train_normal_0518_noAttribute.wav,,,,,,
ToyTrain/train/section_00_source_train_normal_0519_noAttribute.wav,,,,,,
ToyTrain/train/section_00_source_train_normal_0520_noAttribute.wav,,,,,,
ToyTrain/train/section_00_source_train_normal_0521_noAttribute.wav,,,,,,
ToyTrain/train/section_00_source_train_normal_0522_noAttribute.wav,,,,,,
ToyTrain/train/section_00_source_train_normal_0523_noAttribute.wav,,,,,,
ToyTrain/train/section_00_source_train_normal_0524_noAttribute.wav,,,,,,
ToyTrain/train/section_00_source_train_normal_0525_noAttribute.wav,,,,,,
ToyTrain/train/section_00_source_train_normal_0526_noAttribute.wav,,,,,,
ToyTrain/train/section_00_source_train_normal_0527_noAttribute.wav,,,,,,
ToyTrain/train/section_00_source_train_normal_0528_noAttribute.wav,,,,,,
ToyTrain/train/section_00_source_train_normal_0529_noAttribute.wav,,,,,,
ToyTrain/train/section_00_source_train_normal_0530_noAttribute.wav,,,,,,
ToyTrain/train/section_00_source_train_normal_0531_noAttribute.wav,,,,,,
ToyTrain/train/section_00_source_train_normal_0532_noAttribute.wav,,,,,,
ToyTrain/train/section_00_source_train_normal_0533_noAttribute.wav,,,,,,
ToyTrain/train/section_00_source_train_normal_0534_noAttribute.wav,,,,,,
ToyTrain/train/section_00_source_train_normal_0535_noAttribute.wav,,,,,,
ToyTrain/train/section_00_source_train_normal_0536_noAttribute.wav,,,,,,
ToyTrain/train/section_00_source_train_normal_0537_noAttribute.wav,,,,,,
ToyTrain/train/section_00_source_train_normal_0538_noAttribute.wav,,,,,,
ToyTrain/train/section_00_source_train_normal_0539_noAttribute.wav,,,,,,
ToyTrain/train/section_00_source_train_normal_0540_noAttribute.wav,,,,,,
ToyTrain/train/section_00_source_train_normal_0541_noAttribute.wav,,,,,,
ToyTrain/train/section_00_source_train_normal_0542_noAttribute.wav,,,,,,
ToyTrain/train/section_00_source_train_normal_0543_noAttribute.wav,,,,,,
ToyTrain/train/section_00_source_train_normal_0544_noAttribute.wav,,,,,,
ToyTrain/train/section_00_source_train_normal_0545_noAttribute.wav,,,,,,
ToyTrain/train/section_00_source_train_normal_0546_noAttribute.wav,,,,,,
ToyTrain/train/section_00_source_train_normal_0547_noAttribute.wav,,,,,,
ToyTrain/train/section_00_source_train_normal_0548_noAttribute.wav,,,,,,
ToyTrain/train/section_00_source_train_normal_0549_noAttribute.wav,,,,,,
ToyTrain/train/section_00_source_train_normal_0550_noAttribute.wav,,,,,,
ToyTrain/train/section_00_source_train_normal_0551_noAttribute.wav,,,,,,
ToyTrain/train/section_00_source_train_normal_0552_noAttribute.wav,,,,,,
ToyTrain/train/section_00_source_train_normal_0553_noAttribute.wav,,,,,,
ToyTrain/train/section_00_source_train_normal_0554_noAttribute.wav,,,,,,
ToyTrain/train/section_00_source_train_normal_0555_noAttribute.wav,,,,,,
ToyTrain/train/section_00_source_train_normal_0556_noAttribute.wav,,,,,,
ToyTrain/train/section_00_source_train_normal_0557_noAttribute.wav,,,,,,
ToyTrain/train/section_00_source_train_normal_0558_noAttribute.wav,,,,,,
ToyTrain/train/section_00_source_train_normal_0559_noAttribute.wav,,,,,,
ToyTrain/train/section_00_source_train_normal_0560_noAttribute.wav,,,,,,
ToyTrain/train/section_00_source_train_normal_0561_noAttribute.wav,,,,,,
ToyTrain/train/section_00_source_train_normal_0562_noAttribute.wav,,,,,,
ToyTrain/train/section_00_source_train_normal_0563_noAttribute.wav,,,,,,
ToyTrain/train/section_00_source_train_normal_0564_noAttribute.wav,,,,,,
ToyTrain/train/section_00_source_train_normal_0565_noAttribute.wav,,,,,,
ToyTrain/train/section_00_source_train_normal_0566_noAttribute.wav,,,,,,
ToyTrain/train/section_00_source_train_normal_0567_noAttribute.wav,,,,,,
ToyTrain/train/section_00_source_train_normal_0568_noAttribute.wav,,,,,,
ToyTrain/train/section_00_source_train_normal_0569_noAttribute.wav,,,,,,
ToyTrain/train/section_00_source_train_normal_0570_noAttribute.wav,,,,,,
ToyTrain/train/section_00_source_train_normal_0571_noAttribute.wav,,,,,,
ToyTrain/train/section_00_source_train_normal_0572_noAttribute.wav,,,,,,
ToyTrain/train/section_00_source_train_normal_0573_noAttribute.wav,,,,,,
ToyTrain/train/section_00_source_train_normal_0574_noAttribute.wav,,,,,,
ToyTrain/train/section_00_source_train_normal_0575_noAttribute.wav,,,,,,
ToyTrain/train/section_00_source_train_normal_0576_noAttribute.wav,,,,,,
ToyTrain/train/section_00_source_train_normal_0577_noAttribute.wav,,,,,,
ToyTrain/train/section_00_source_train_normal_0578_noAttribute.wav,,,,,,
ToyTrain/train/section_00_source_train_normal_0579_noAttribute.wav,,,,,,
ToyTrain/train/section_00_source_train_normal_0580_noAttribute.wav,,,,,,
ToyTrain/train/section_00_source_train_normal_0581_noAttribute.wav,,,,,,
ToyTrain/train/section_00_source_train_normal_0582_noAttribute.wav,,,,,,
ToyTrain/train/section_00_source_train_normal_0583_noAttribute.wav,,,,,,
ToyTrain/train/section_00_source_train_normal_0584_noAttribute.wav,,,,,,
ToyTrain/train/section_00_source_train_normal_0585_noAttribute.wav,,,,,,
ToyTrain/train/section_00_source_train_normal_0586_noAttribute.wav,,,,,,
ToyTrain/train/section_00_source_train_normal_0587_noAttribute.wav,,,,,,
ToyTrain/train/section_00_source_train_normal_0588_noAttribute.wav,,,,,,
ToyTrain/train/section_00_source_train_normal_0589_noAttribute.wav,,,,,,
ToyTrain/train/section_00_source_train_normal_0590_noAttribute.wav,,,,,,
ToyTrain/train/section_00_source_train_normal_0591_noAttribute.wav,,,,,,
ToyTrain/train/section_00_source_train_normal_0592_noAttribute.wav,,,,,,
ToyTrain/train/section_00_source_train_normal_0593_noAttribute.wav,,,,,,
ToyTrain/train/section_00_source_train_normal_0068_noAttribute.wav,,,,,,
ToyTrain/train/section_00_source_train_normal_0069_noAttribute.wav,,,,,,
ToyTrain/train/section_00_source_train_normal_0070_noAttribute.wav,,,,,,
ToyTrain/train/section_00_source_train_normal_0074_noAttribute.wav,,,,,,
ToyTrain/train/section_00_source_train_normal_0075_noAttribute.wav,,,,,,
ToyTrain/train/section_00_source_train_normal_0076_noAttribute.wav,,,,,,
ToyTrain/train/section_00_source_train_normal_0077_noAttribute.wav,,,,,,
ToyTrain/train/section_00_source_train_normal_0078_noAttribute.wav,,,,,,
ToyTrain/train/section_00_source_train_normal_0079_noAttribute.wav,,,,,,
ToyTrain/train/section_00_source_train_normal_0080_noAttribute.wav,,,,,,
ToyTrain/train/section_00_source_train_normal_0081_noAttribute.wav,,,,,,
ToyTrain/train/section_00_source_train_normal_0073_noAttribute.wav,,,,,,
ToyTrain/train/section_00_source_train_normal_0071_noAttribute.wav,,,,,,
ToyTrain/train/section_00_source_train_normal_0072_noAttribute.wav,,,,,,
ToyTrain/train/section_00_source_train_normal_0065_noAttribute.wav,,,,,,
ToyTrain/train/section_00_source_train_normal_0066_noAttribute.wav,,,,,,
ToyTrain/train/section_00_source_train_normal_0067_noAttribute.wav,,,,,,
ToyTrain/train/section_00_source_train_normal_0058_noAttribute.wav,,,,,,
ToyTrain/train/section_00_source_train_normal_0059_noAttribute.wav,,,,,,
ToyTrain/train/section_00_source_train_normal_0060_noAttribute.wav,,,,,,
ToyTrain/train/section_00_source_train_normal_0061_noAttribute.wav,,,,,,
ToyTrain/train/section_00_source_train_normal_0062_noAttribute.wav,,,,,,
ToyTrain/train/section_00_source_train_normal_0063_noAttribute.wav,,,,,,
ToyTrain/train/section_00_source_train_normal_0064_noAttribute.wav,,,,,,
ToyTrain/train/section_00_source_train_normal_0057_noAttribute.wav,,,,,,
ToyTrain/train/section_00_source_train_normal_0043_noAttribute.wav,,,,,,
ToyTrain/train/section_00_source_train_normal_0044_noAttribute.wav,,,,,,
ToyTrain/train/section_00_source_train_normal_0045_noAttribute.wav,,,,,,
ToyTrain/train/section_00_source_train_normal_0046_noAttribute.wav,,,,,,
ToyTrain/train/section_00_source_train_normal_0047_noAttribute.wav,,,,,,
ToyTrain/train/section_00_source_train_normal_0048_noAttribute.wav,,,,,,
ToyTrain/train/section_00_source_train_normal_0049_noAttribute.wav,,,,,,
ToyTrain/train/section_00_source_train_normal_0050_noAttribute.wav,,,,,,
ToyTrain/train/section_00_source_train_normal_0051_noAttribute.wav,,,,,,
ToyTrain/train/section_00_source_train_normal_0052_noAttribute.wav,,,,,,
ToyTrain/train/section_00_source_train_normal_0053_noAttribute.wav,,,,,,
ToyTrain/train/section_00_source_train_normal_0054_noAttribute.wav,,,,,,
ToyTrain/train/section_00_source_train_normal_0055_noAttribute.wav,,,,,,
ToyTrain/train/section_00_source_train_normal_0035_noAttribute.wav,,,,,,
ToyTrain/train/section_00_source_train_normal_0036_noAttribute.wav,,,,,,
ToyTrain/train/section_00_source_train_normal_0037_noAttribute.wav,,,,,,
ToyTrain/train/section_00_source_train_normal_0038_noAttribute.wav,,,,,,
ToyTrain/train/section_00_source_train_normal_0039_noAttribute.wav,,,,,,
ToyTrain/train/section_00_source_train_normal_0594_noAttribute.wav,,,,,,
ToyTrain/train/section_00_source_train_normal_0595_noAttribute.wav,,,,,,
ToyTrain/train/section_00_source_train_normal_0596_noAttribute.wav,,,,,,
ToyTrain/train/section_00_source_train_normal_0597_noAttribute.wav,,,,,,
ToyTrain/train/section_00_source_train_normal_0598_noAttribute.wav,,,,,,
ToyTrain/train/section_00_source_train_normal_0599_noAttribute.wav,,,,,,
ToyTrain/train/section_00_source_train_normal_0600_noAttribute.wav,,,,,,
ToyTrain/train/section_00_source_train_normal_0601_noAttribute.wav,,,,,,
ToyTrain/train/section_00_source_train_normal_0602_noAttribute.wav,,,,,,
ToyTrain/train/section_00_source_train_normal_0603_noAttribute.wav,,,,,,
ToyTrain/train/section_00_source_train_normal_0604_noAttribute.wav,,,,,,
ToyTrain/train/section_00_source_train_normal_0605_noAttribute.wav,,,,,,
ToyTrain/train/section_00_source_train_normal_0606_noAttribute.wav,,,,,,
ToyTrain/train/section_00_source_train_normal_0607_noAttribute.wav,,,,,,
ToyTrain/train/section_00_source_train_normal_0608_noAttribute.wav,,,,,,
ToyTrain/train/section_00_source_train_normal_0609_noAttribute.wav,,,,,,
ToyTrain/train/section_00_source_train_normal_0610_noAttribute.wav,,,,,,
ToyTrain/train/section_00_source_train_normal_0611_noAttribute.wav,,,,,,
ToyTrain/train/section_00_source_train_normal_0612_noAttribute.wav,,,,,,
ToyTrain/train/section_00_source_train_normal_0613_noAttribute.wav,,,,,,
ToyTrain/train/section_00_source_train_normal_0614_noAttribute.wav,,,,,,
ToyTrain/train/section_00_source_train_normal_0615_noAttribute.wav,,,,,,
ToyTrain/train/section_00_source_train_normal_0616_noAttribute.wav,,,,,,
ToyTrain/train/section_00_source_train_normal_0617_noAttribute.wav,,,,,,
ToyTrain/train/section_00_source_train_normal_0618_noAttribute.wav,,,,,,
ToyTrain/train/section_00_source_train_normal_0619_noAttribute.wav,,,,,,
ToyTrain/train/section_00_source_train_normal_0620_noAttribute.wav,,,,,,
ToyTrain/train/section_00_source_train_normal_0621_noAttribute.wav,,,,,,
ToyTrain/train/section_00_source_train_normal_0622_noAttribute.wav,,,,,,
ToyTrain/train/section_00_source_train_normal_0623_noAttribute.wav,,,,,,
ToyTrain/train/section_00_source_train_normal_0624_noAttribute.wav,,,,,,
ToyTrain/train/section_00_source_train_normal_0625_noAttribute.wav,,,,,,
ToyTrain/train/section_00_source_train_normal_0626_noAttribute.wav,,,,,,
ToyTrain/train/section_00_source_train_normal_0627_noAttribute.wav,,,,,,
ToyTrain/train/section_00_source_train_normal_0628_noAttribute.wav,,,,,,
ToyTrain/train/section_00_source_train_normal_0629_noAttribute.wav,,,,,,
ToyTrain/train/section_00_source_train_normal_0630_noAttribute.wav,,,,,,
ToyTrain/train/section_00_source_train_normal_0631_noAttribute.wav,,,,,,
ToyTrain/train/section_00_source_train_normal_0632_noAttribute.wav,,,,,,
ToyTrain/train/section_00_source_train_normal_0633_noAttribute.wav,,,,,,
ToyTrain/train/section_00_source_train_normal_0634_noAttribute.wav,,,,,,
ToyTrain/train/section_00_source_train_normal_0635_noAttribute.wav,,,,,,
ToyTrain/train/section_00_source_train_normal_0636_noAttribute.wav,,,,,,
ToyTrain/train/section_00_source_train_normal_0637_noAttribute.wav,,,,,,
ToyTrain/train/section_00_source_train_normal_0638_noAttribute.wav,,,,,,
ToyTrain/train/section_00_source_train_normal_0639_noAttribute.wav,,,,,,
ToyTrain/train/section_00_source_train_normal_0640_noAttribute.wav,,,,,,
ToyTrain/train/section_00_source_train_normal_0641_noAttribute.wav,,,,,,
ToyTrain/train/section_00_source_train_normal_0642_noAttribute.wav,,,,,,
ToyTrain/train/section_00_source_train_normal_0643_noAttribute.wav,,,,,,
ToyTrain/train/section_00_source_train_normal_0644_noAttribute.wav,,,,,,
ToyTrain/train/section_00_source_train_normal_0645_noAttribute.wav,,,,,,
ToyTrain/train/section_00_source_train_normal_0646_noAttribute.wav,,,,,,
ToyTrain/train/section_00_source_train_normal_0647_noAttribute.wav,,,,,,
ToyTrain/train/section_00_source_train_normal_0648_noAttribute.wav,,,,,,
ToyTrain/train/section_00_source_train_normal_0649_noAttribute.wav,,,,,,
ToyTrain/train/section_00_source_train_normal_0650_noAttribute.wav,,,,,,
ToyTrain/train/section_00_source_train_normal_0651_noAttribute.wav,,,,,,
ToyTrain/train/section_00_source_train_normal_0652_noAttribute.wav,,,,,,
ToyTrain/train/section_00_source_train_normal_0653_noAttribute.wav,,,,,,
ToyTrain/train/section_00_source_train_normal_0654_noAttribute.wav,,,,,,
ToyTrain/train/section_00_source_train_normal_0655_noAttribute.wav,,,,,,
ToyTrain/train/section_00_source_train_normal_0656_noAttribute.wav,,,,,,
ToyTrain/train/section_00_source_train_normal_0657_noAttribute.wav,,,,,,
ToyTrain/train/section_00_source_train_normal_0658_noAttribute.wav,,,,,,
ToyTrain/train/section_00_source_train_normal_0659_noAttribute.wav,,,,,,
ToyTrain/train/section_00_source_train_normal_0660_noAttribute.wav,,,,,,
ToyTrain/train/section_00_source_train_normal_0661_noAttribute.wav,,,,,,
ToyTrain/train/section_00_source_train_normal_0662_noAttribute.wav,,,,,,
ToyTrain/train/section_00_source_train_normal_0663_noAttribute.wav,,,,,,
ToyTrain/train/section_00_source_train_normal_0664_noAttribute.wav,,,,,,
ToyTrain/train/section_00_source_train_normal_0665_noAttribute.wav,,,,,,
ToyTrain/train/section_00_source_train_normal_0666_noAttribute.wav,,,,,,
ToyTrain/train/section_00_source_train_normal_0667_noAttribute.wav,,,,,,
ToyTrain/train/section_00_source_train_normal_0668_noAttribute.wav,,,,,,
ToyTrain/train/section_00_source_train_normal_0669_noAttribute.wav,,,,,,
ToyTrain/train/section_00_source_train_normal_0670_noAttribute.wav,,,,,,
ToyTrain/train/section_00_source_train_normal_0671_noAttribute.wav,,,,,,
ToyTrain/train/section_00_source_train_normal_0672_noAttribute.wav,,,,,,
ToyTrain/train/section_00_source_train_normal_0673_noAttribute.wav,,,,,,
ToyTrain/train/section_00_source_train_normal_0674_noAttribute.wav,,,,,,
ToyTrain/train/section_00_source_train_normal_0675_noAttribute.wav,,,,,,
ToyTrain/train/section_00_source_train_normal_0676_noAttribute.wav,,,,,,
ToyTrain/train/section_00_source_train_normal_0677_noAttribute.wav,,,,,,
ToyTrain/train/section_00_source_train_normal_0678_noAttribute.wav,,,,,,
ToyTrain/train/section_00_source_train_normal_0679_noAttribute.wav,,,,,,
ToyTrain/train/section_00_source_train_normal_0680_noAttribute.wav,,,,,,
ToyTrain/train/section_00_source_train_normal_0681_noAttribute.wav,,,,,,
ToyTrain/train/section_00_source_train_normal_0682_noAttribute.wav,,,,,,
ToyTrain/train/section_00_source_train_normal_0683_noAttribute.wav,,,,,,
ToyTrain/train/section_00_source_train_normal_0684_noAttribute.wav,,,,,,
ToyTrain/train/section_00_source_train_normal_0685_noAttribute.wav,,,,,,
ToyTrain/train/section_00_source_train_normal_0686_noAttribute.wav,,,,,,
ToyTrain/train/section_00_source_train_normal_0687_noAttribute.wav,,,,,,
ToyTrain/train/section_00_source_train_normal_0688_noAttribute.wav,,,,,,
ToyTrain/train/section_00_source_train_normal_0689_noAttribute.wav,,,,,,
ToyTrain/train/section_00_source_train_normal_0690_noAttribute.wav,,,,,,
ToyTrain/train/section_00_source_train_normal_0691_noAttribute.wav,,,,,,
ToyTrain/train/section_00_source_train_normal_0692_noAttribute.wav,,,,,,
ToyTrain/train/section_00_source_train_normal_0693_noAttribute.wav,,,,,,
ToyTrain/train/section_00_source_train_normal_0694_noAttribute.wav,,,,,,
ToyTrain/train/section_00_source_train_normal_0695_noAttribute.wav,,,,,,
ToyTrain/train/section_00_source_train_normal_0696_noAttribute.wav,,,,,,
ToyTrain/train/section_00_source_train_normal_0697_noAttribute.wav,,,,,,
ToyTrain/train/section_00_source_train_normal_0698_noAttribute.wav,,,,,,
ToyTrain/train/section_00_source_train_normal_0699_noAttribute.wav,,,,,,
ToyTrain/train/section_00_source_train_normal_0700_noAttribute.wav,,,,,,
ToyTrain/train/section_00_source_train_normal_0701_noAttribute.wav,,,,,,
ToyTrain/train/section_00_source_train_normal_0702_noAttribute.wav,,,,,,
ToyTrain/train/section_00_source_train_normal_0703_noAttribute.wav,,,,,,
ToyTrain/train/section_00_source_train_normal_0704_noAttribute.wav,,,,,,
ToyTrain/train/section_00_source_train_normal_0705_noAttribute.wav,,,,,,
ToyTrain/train/section_00_source_train_normal_0706_noAttribute.wav,,,,,,
ToyTrain/train/section_00_source_train_normal_0707_noAttribute.wav,,,,,,
ToyTrain/train/section_00_source_train_normal_0708_noAttribute.wav,,,,,,
ToyTrain/train/section_00_source_train_normal_0709_noAttribute.wav,,,,,,
ToyTrain/train/section_00_source_train_normal_0710_noAttribute.wav,,,,,,
ToyTrain/train/section_00_source_train_normal_0711_noAttribute.wav,,,,,,
ToyTrain/train/section_00_source_train_normal_0712_noAttribute.wav,,,,,,
ToyTrain/train/section_00_source_train_normal_0713_noAttribute.wav,,,,,,
ToyTrain/train/section_00_source_train_normal_0714_noAttribute.wav,,,,,,
ToyTrain/train/section_00_source_train_normal_0715_noAttribute.wav,,,,,,
ToyTrain/train/section_00_source_train_normal_0716_noAttribute.wav,,,,,,
ToyTrain/train/section_00_source_train_normal_0717_noAttribute.wav,,,,,,
ToyTrain/train/section_00_source_train_normal_0718_noAttribute.wav,,,,,,
ToyTrain/train/section_00_source_train_normal_0719_noAttribute.wav,,,,,,
ToyTrain/train/section_00_source_train_normal_0720_noAttribute.wav,,,,,,
ToyTrain/train/section_00_source_train_normal_0721_noAttribute.wav,,,,,,
ToyTrain/train/section_00_source_train_normal_0722_noAttribute.wav,,,,,,
ToyTrain/train/section_00_source_train_normal_0723_noAttribute.wav,,,,,,
ToyTrain/train/section_00_source_train_normal_0724_noAttribute.wav,,,,,,
ToyTrain/train/section_00_source_train_normal_0725_noAttribute.wav,,,,,,
ToyTrain/train/section_00_source_train_normal_0726_noAttribute.wav,,,,,,
ToyTrain/train/section_00_source_train_normal_0727_noAttribute.wav,,,,,,
ToyTrain/train/section_00_source_train_normal_0728_noAttribute.wav,,,,,,
ToyTrain/train/section_00_source_train_normal_0729_noAttribute.wav,,,,,,
ToyTrain/train/section_00_source_train_normal_0730_noAttribute.wav,,,,,,
ToyTrain/train/section_00_source_train_normal_0731_noAttribute.wav,,,,,,
ToyTrain/train/section_00_source_train_normal_0732_noAttribute.wav,,,,,,
ToyTrain/train/section_00_source_train_normal_0733_noAttribute.wav,,,,,,
ToyTrain/train/section_00_source_train_normal_0734_noAttribute.wav,,,,,,
ToyTrain/train/section_00_source_train_normal_0735_noAttribute.wav,,,,,,
ToyTrain/train/section_00_source_train_normal_0736_noAttribute.wav,,,,,,
ToyTrain/train/section_00_source_train_normal_0737_noAttribute.wav,,,,,,
ToyTrain/train/section_00_source_train_normal_0738_noAttribute.wav,,,,,,
ToyTrain/train/section_00_source_train_normal_0739_noAttribute.wav,,,,,,
ToyTrain/train/section_00_source_train_normal_0740_noAttribute.wav,,,,,,
ToyTrain/train/section_00_source_train_normal_0741_noAttribute.wav,,,,,,
ToyTrain/train/section_00_source_train_normal_0742_noAttribute.wav,,,,,,
ToyTrain/train/section_00_source_train_normal_0743_noAttribute.wav,,,,,,
ToyTrain/train/section_00_source_train_normal_0744_noAttribute.wav,,,,,,
ToyTrain/train/section_00_source_train_normal_0745_noAttribute.wav,,,,,,
ToyTrain/train/section_00_source_train_normal_0746_noAttribute.wav,,,,,,
ToyTrain/train/section_00_source_train_normal_0747_noAttribute.wav,,,,,,
ToyTrain/train/section_00_source_train_normal_0748_noAttribute.wav,,,,,,
ToyTrain/train/section_00_source_train_normal_0749_noAttribute.wav,,,,,,
ToyTrain/train/section_00_source_train_normal_0750_noAttribute.wav,,,,,,
ToyTrain/train/section_00_source_train_normal_0751_noAttribute.wav,,,,,,
ToyTrain/train/section_00_source_train_normal_0752_noAttribute.wav,,,,,,
ToyTrain/train/section_00_source_train_normal_0753_noAttribute.wav,,,,,,
ToyTrain/train/section_00_source_train_normal_0754_noAttribute.wav,,,,,,
ToyTrain/train/section_00_source_train_normal_0755_noAttribute.wav,,,,,,
ToyTrain/train/section_00_source_train_normal_0756_noAttribute.wav,,,,,,
ToyTrain/train/section_00_source_train_normal_0757_noAttribute.wav,,,,,,
ToyTrain/train/section_00_source_train_normal_0758_noAttribute.wav,,,,,,
ToyTrain/train/section_00_source_train_normal_0759_noAttribute.wav,,,,,,
ToyTrain/train/section_00_source_train_normal_0760_noAttribute.wav,,,,,,
ToyTrain/train/section_00_source_train_normal_0761_noAttribute.wav,,,,,,
ToyTrain/train/section_00_source_train_normal_0762_noAttribute.wav,,,,,,
ToyTrain/train/section_00_source_train_normal_0763_noAttribute.wav,,,,,,
ToyTrain/train/section_00_source_train_normal_0764_noAttribute.wav,,,,,,
ToyTrain/train/section_00_source_train_normal_0765_noAttribute.wav,,,,,,
ToyTrain/train/section_00_source_train_normal_0766_noAttribute.wav,,,,,,
ToyTrain/train/section_00_source_train_normal_0767_noAttribute.wav,,,,,,
ToyTrain/train/section_00_source_train_normal_0768_noAttribute.wav,,,,,,
ToyTrain/train/section_00_source_train_normal_0769_noAttribute.wav,,,,,,
ToyTrain/train/section_00_source_train_normal_0770_noAttribute.wav,,,,,,
ToyTrain/train/section_00_source_train_normal_0771_noAttribute.wav,,,,,,
ToyTrain/train/section_00_source_train_normal_0772_noAttribute.wav,,,,,,
ToyTrain/train/section_00_source_train_normal_0773_noAttribute.wav,,,,,,
ToyTrain/train/section_00_source_train_normal_0774_noAttribute.wav,,,,,,
ToyTrain/train/section_00_source_train_normal_0775_noAttribute.wav,,,,,,
ToyTrain/train/section_00_source_train_normal_0776_noAttribute.wav,,,,,,
ToyTrain/train/section_00_source_train_normal_0777_noAttribute.wav,,,,,,
ToyTrain/train/section_00_source_train_normal_0778_noAttribute.wav,,,,,,
ToyTrain/train/section_00_source_train_normal_0779_noAttribute.wav,,,,,,
ToyTrain/train/section_00_source_train_normal_0780_noAttribute.wav,,,,,,
ToyTrain/train/section_00_source_train_normal_0781_noAttribute.wav,,,,,,
ToyTrain/train/section_00_source_train_normal_0782_noAttribute.wav,,,,,,
ToyTrain/train/section_00_source_train_normal_0783_noAttribute.wav,,,,,,
ToyTrain/train/section_00_source_train_normal_0784_noAttribute.wav,,,,,,
ToyTrain/train/section_00_source_train_normal_0785_noAttribute.wav,,,,,,
ToyTrain/train/section_00_source_train_normal_0786_noAttribute.wav,,,,,,
ToyTrain/train/section_00_source_train_normal_0787_noAttribute.wav,,,,,,
ToyTrain/train/section_00_source_train_normal_0788_noAttribute.wav,,,,,,
ToyTrain/train/section_00_source_train_normal_0789_noAttribute.wav,,,,,,
ToyTrain/train/section_00_source_train_normal_0790_noAttribute.wav,,,,,,
ToyTrain/train/section_00_source_train_normal_0791_noAttribute.wav,,,,,,
ToyTrain/train/section_00_source_train_normal_0792_noAttribute.wav,,,,,,
ToyTrain/train/section_00_source_train_normal_0793_noAttribute.wav,,,,,,
ToyTrain/train/section_00_source_train_normal_0794_noAttribute.wav,,,,,,
ToyTrain/train/section_00_source_train_normal_0795_noAttribute.wav,,,,,,
ToyTrain/train/section_00_source_train_normal_0796_noAttribute.wav,,,,,,
ToyTrain/train/section_00_source_train_normal_0797_noAttribute.wav,,,,,,
ToyTrain/train/section_00_source_train_normal_0798_noAttribute.wav,,,,,,
ToyTrain/train/section_00_source_train_normal_0799_noAttribute.wav,,,,,,
ToyTrain/train/section_00_source_train_normal_0800_noAttribute.wav,,,,,,
ToyTrain/train/section_00_source_train_normal_0801_noAttribute.wav,,,,,,
ToyTrain/train/section_00_source_train_normal_0802_noAttribute.wav,,,,,,
ToyTrain/train/section_00_source_train_normal_0803_noAttribute.wav,,,,,,
ToyTrain/train/section_00_source_train_normal_0804_noAttribute.wav,,,,,,
ToyTrain/train/section_00_source_train_normal_0805_noAttribute.wav,,,,,,
ToyTrain/train/section_00_source_train_normal_0806_noAttribute.wav,,,,,,
ToyTrain/train/section_00_source_train_normal_0807_noAttribute.wav,,,,,,
ToyTrain/train/section_00_source_train_normal_0808_noAttribute.wav,,,,,,
ToyTrain/train/section_00_source_train_normal_0809_noAttribute.wav,,,,,,
ToyTrain/train/section_00_source_train_normal_0810_noAttribute.wav,,,,,,
ToyTrain/train/section_00_source_train_normal_0811_noAttribute.wav,,,,,,
ToyTrain/train/section_00_source_train_normal_0812_noAttribute.wav,,,,,,
ToyTrain/train/section_00_source_train_normal_0813_noAttribute.wav,,,,,,
ToyTrain/train/section_00_source_train_normal_0814_noAttribute.wav,,,,,,
ToyTrain/train/section_00_source_train_normal_0815_noAttribute.wav,,,,,,
ToyTrain/train/section_00_source_train_normal_0816_noAttribute.wav,,,,,,
ToyTrain/train/section_00_source_train_normal_0817_noAttribute.wav,,,,,,
ToyTrain/train/section_00_source_train_normal_0818_noAttribute.wav,,,,,,
ToyTrain/train/section_00_source_train_normal_0819_noAttribute.wav,,,,,,
ToyTrain/train/section_00_source_train_normal_0820_noAttribute.wav,,,,,,
ToyTrain/train/section_00_source_train_normal_0821_noAttribute.wav,,,,,,
ToyTrain/train/section_00_source_train_normal_0822_noAttribute.wav,,,,,,
ToyTrain/train/section_00_source_train_normal_0823_noAttribute.wav,,,,,,
ToyTrain/train/section_00_source_train_normal_0824_noAttribute.wav,,,,,,
ToyTrain/train/section_00_source_train_normal_0825_noAttribute.wav,,,,,,
ToyTrain/train/section_00_source_train_normal_0826_noAttribute.wav,,,,,,
ToyTrain/train/section_00_source_train_normal_0827_noAttribute.wav,,,,,,
ToyTrain/train/section_00_source_train_normal_0828_noAttribute.wav,,,,,,
ToyTrain/train/section_00_source_train_normal_0829_noAttribute.wav,,,,,,
ToyTrain/train/section_00_source_train_normal_0830_noAttribute.wav,,,,,,
ToyTrain/train/section_00_source_train_normal_0831_noAttribute.wav,,,,,,
ToyTrain/train/section_00_source_train_normal_0832_noAttribute.wav,,,,,,
ToyTrain/train/section_00_source_train_normal_0833_noAttribute.wav,,,,,,
ToyTrain/train/section_00_source_train_normal_0834_noAttribute.wav,,,,,,
ToyTrain/train/section_00_source_train_normal_0835_noAttribute.wav,,,,,,
ToyTrain/train/section_00_source_train_normal_0836_noAttribute.wav,,,,,,
ToyTrain/train/section_00_source_train_normal_0837_noAttribute.wav,,,,,,
ToyTrain/train/section_00_source_train_normal_0838_noAttribute.wav,,,,,,
ToyTrain/train/section_00_source_train_normal_0839_noAttribute.wav,,,,,,
ToyTrain/train/section_00_source_train_normal_0840_noAttribute.wav,,,,,,
ToyTrain/train/section_00_source_train_normal_0841_noAttribute.wav,,,,,,
ToyTrain/train/section_00_source_train_normal_0842_noAttribute.wav,,,,,,
ToyTrain/train/section_00_source_train_normal_0843_noAttribute.wav,,,,,,
ToyTrain/train/section_00_source_train_normal_0844_noAttribute.wav,,,,,,
ToyTrain/train/section_00_source_train_normal_0845_noAttribute.wav,,,,,,
ToyTrain/train/section_00_source_train_normal_0846_noAttribute.wav,,,,,,
ToyTrain/train/section_00_source_train_normal_0847_noAttribute.wav,,,,,,
ToyTrain/train/section_00_source_train_normal_0848_noAttribute.wav,,,,,,
ToyTrain/train/section_00_source_train_normal_0849_noAttribute.wav,,,,,,
ToyTrain/train/section_00_source_train_normal_0850_noAttribute.wav,,,,,,
ToyTrain/train/section_00_source_train_normal_0851_noAttribute.wav,,,,,,
ToyTrain/train/section_00_source_train_normal_0852_noAttribute.wav,,,,,,
ToyTrain/train/section_00_source_train_normal_0853_noAttribute.wav,,,,,,
ToyTrain/train/section_00_source_train_normal_0854_noAttribute.wav,,,,,,
ToyTrain/train/section_00_source_train_normal_0855_noAttribute.wav,,,,,,
ToyTrain/train/section_00_source_train_normal_0856_noAttribute.wav,,,,,,
ToyTrain/train/section_00_source_train_normal_0857_noAttribute.wav,,,,,,
ToyTrain/train/section_00_source_train_normal_0858_noAttribute.wav,,,,,,
ToyTrain/train/section_00_source_train_normal_0859_noAttribute.wav,,,,,,
ToyTrain/train/section_00_source_train_normal_0860_noAttribute.wav,,,,,,
ToyTrain/train/section_00_source_train_normal_0861_noAttribute.wav,,,,,,
ToyTrain/train/section_00_source_train_normal_0862_noAttribute.wav,,,,,,
ToyTrain/train/section_00_source_train_normal_0863_noAttribute.wav,,,,,,
ToyTrain/train/section_00_source_train_normal_0864_noAttribute.wav,,,,,,
ToyTrain/train/section_00_source_train_normal_0865_noAttribute.wav,,,,,,
ToyTrain/train/section_00_source_train_normal_0866_noAttribute.wav,,,,,,
ToyTrain/train/section_00_source_train_normal_0867_noAttribute.wav,,,,,,
ToyTrain/train/section_00_source_train_normal_0868_noAttribute.wav,,,,,,
ToyTrain/train/section_00_source_train_normal_0869_noAttribute.wav,,,,,,
ToyTrain/train/section_00_source_train_normal_0870_noAttribute.wav,,,,,,
ToyTrain/train/section_00_source_train_normal_0871_noAttribute.wav,,,,,,
ToyTrain/train/section_00_source_train_normal_0872_noAttribute.wav,,,,,,
ToyTrain/train/section_00_source_train_normal_0873_noAttribute.wav,,,,,,
ToyTrain/train/section_00_source_train_normal_0874_noAttribute.wav,,,,,,
ToyTrain/train/section_00_source_train_normal_0875_noAttribute.wav,,,,,,
ToyTrain/train/section_00_source_train_normal_0876_noAttribute.wav,,,,,,
ToyTrain/train/section_00_source_train_normal_0877_noAttribute.wav,,,,,,
ToyTrain/train/section_00_source_train_normal_0878_noAttribute.wav,,,,,,
ToyTrain/train/section_00_source_train_normal_0879_noAttribute.wav,,,,,,
ToyTrain/train/section_00_source_train_normal_0880_noAttribute.wav,,,,,,
ToyTrain/train/section_00_source_train_normal_0881_noAttribute.wav,,,,,,
ToyTrain/train/section_00_source_train_normal_0882_noAttribute.wav,,,,,,
ToyTrain/train/section_00_source_train_normal_0883_noAttribute.wav,,,,,,
ToyTrain/train/section_00_source_train_normal_0884_noAttribute.wav,,,,,,
ToyTrain/train/section_00_source_train_normal_0885_noAttribute.wav,,,,,,
ToyTrain/train/section_00_source_train_normal_0886_noAttribute.wav,,,,,,
ToyTrain/train/section_00_source_train_normal_0887_noAttribute.wav,,,,,,
ToyTrain/train/section_00_source_train_normal_0888_noAttribute.wav,,,,,,
ToyTrain/train/section_00_source_train_normal_0889_noAttribute.wav,,,,,,
ToyTrain/train/section_00_source_train_normal_0890_noAttribute.wav,,,,,,
ToyTrain/train/section_00_source_train_normal_0891_noAttribute.wav,,,,,,
ToyTrain/train/section_00_source_train_normal_0892_noAttribute.wav,,,,,,
ToyTrain/train/section_00_source_train_normal_0893_noAttribute.wav,,,,,,
ToyTrain/train/section_00_source_train_normal_0894_noAttribute.wav,,,,,,
ToyTrain/train/section_00_source_train_normal_0895_noAttribute.wav,,,,,,
ToyTrain/train/section_00_source_train_normal_0896_noAttribute.wav,,,,,,
ToyTrain/train/section_00_source_train_normal_0897_noAttribute.wav,,,,,,
ToyTrain/train/section_00_source_train_normal_0898_noAttribute.wav,,,,,,
ToyTrain/train/section_00_source_train_normal_0899_noAttribute.wav,,,,,,
ToyTrain/train/section_00_source_train_normal_0900_noAttribute.wav,,,,,,
ToyTrain/train/section_00_source_train_normal_0901_noAttribute.wav,,,,,,
ToyTrain/train/section_00_source_train_normal_0902_noAttribute.wav,,,,,,
ToyTrain/train/section_00_source_train_normal_0903_noAttribute.wav,,,,,,
ToyTrain/train/section_00_source_train_normal_0904_noAttribute.wav,,,,,,
ToyTrain/train/section_00_source_train_normal_0905_noAttribute.wav,,,,,,
ToyTrain/train/section_00_source_train_normal_0906_noAttribute.wav,,,,,,
ToyTrain/train/section_00_source_train_normal_0907_noAttribute.wav,,,,,,
ToyTrain/train/section_00_source_train_normal_0908_noAttribute.wav,,,,,,
ToyTrain/train/section_00_source_train_normal_0909_noAttribute.wav,,,,,,
ToyTrain/train/section_00_source_train_normal_0910_noAttribute.wav,,,,,,
ToyTrain/train/section_00_source_train_normal_0911_noAttribute.wav,,,,,,
ToyTrain/train/section_00_source_train_normal_0912_noAttribute.wav,,,,,,
ToyTrain/train/section_00_source_train_normal_0913_noAttribute.wav,,,,,,
ToyTrain/train/section_00_source_train_normal_0914_noAttribute.wav,,,,,,
ToyTrain/train/section_00_source_train_normal_0915_noAttribute.wav,,,,,,
ToyTrain/train/section_00_source_train_normal_0916_noAttribute.wav,,,,,,
ToyTrain/train/section_00_source_train_normal_0917_noAttribute.wav,,,,,,
ToyTrain/train/section_00_source_train_normal_0918_noAttribute.wav,,,,,,
ToyTrain/train/section_00_source_train_normal_0919_noAttribute.wav,,,,,,
ToyTrain/train/section_00_source_train_normal_0920_noAttribute.wav,,,,,,
ToyTrain/train/section_00_source_train_normal_0921_noAttribute.wav,,,,,,
ToyTrain/train/section_00_source_train_normal_0922_noAttribute.wav,,,,,,
ToyTrain/train/section_00_source_train_normal_0923_noAttribute.wav,,,,,,
ToyTrain/train/section_00_source_train_normal_0924_noAttribute.wav,,,,,,
ToyTrain/train/section_00_source_train_normal_0925_noAttribute.wav,,,,,,
ToyTrain/train/section_00_source_train_normal_0926_noAttribute.wav,,,,,,
ToyTrain/train/section_00_source_train_normal_0927_noAttribute.wav,,,,,,
ToyTrain/train/section_00_source_train_normal_0928_noAttribute.wav,,,,,,
ToyTrain/train/section_00_source_train_normal_0929_noAttribute.wav,,,,,,
ToyTrain/train/section_00_source_train_normal_0930_noAttribute.wav,,,,,,
ToyTrain/train/section_00_source_train_normal_0931_noAttribute.wav,,,,,,
ToyTrain/train/section_00_source_train_normal_0932_noAttribute.wav,,,,,,
ToyTrain/train/section_00_source_train_normal_0933_noAttribute.wav,,,,,,
ToyTrain/train/section_00_source_train_normal_0934_noAttribute.wav,,,,,,
ToyTrain/train/section_00_source_train_normal_0935_noAttribute.wav,,,,,,
ToyTrain/train/section_00_source_train_normal_0936_noAttribute.wav,,,,,,
ToyTrain/train/section_00_source_train_normal_0937_noAttribute.wav,,,,,,
ToyTrain/train/section_00_source_train_normal_0938_noAttribute.wav,,,,,,
ToyTrain/train/section_00_source_train_normal_0939_noAttribute.wav,,,,,,
ToyTrain/train/section_00_source_train_normal_0940_noAttribute.wav,,,,,,
ToyTrain/train/section_00_source_train_normal_0941_noAttribute.wav,,,,,,
ToyTrain/train/section_00_source_train_normal_0942_noAttribute.wav,,,,,,
ToyTrain/train/section_00_source_train_normal_0943_noAttribute.wav,,,,,,
ToyTrain/train/section_00_source_train_normal_0944_noAttribute.wav,,,,,,
ToyTrain/train/section_00_source_train_normal_0945_noAttribute.wav,,,,,,
ToyTrain/train/section_00_source_train_normal_0946_noAttribute.wav,,,,,,
ToyTrain/train/section_00_source_train_normal_0947_noAttribute.wav,,,,,,
ToyTrain/train/section_00_source_train_normal_0948_noAttribute.wav,,,,,,
ToyTrain/train/section_00_source_train_normal_0949_noAttribute.wav,,,,,,
ToyTrain/train/section_00_source_train_normal_0950_noAttribute.wav,,,,,,
ToyTrain/train/section_00_source_train_normal_0951_noAttribute.wav,,,,,,
ToyTrain/train/section_00_source_train_normal_0952_noAttribute.wav,,,,,,
ToyTrain/train/section_00_source_train_normal_0953_noAttribute.wav,,,,,,
ToyTrain/train/section_00_source_train_normal_0954_noAttribute.wav,,,,,,
ToyTrain/train/section_00_source_train_normal_0955_noAttribute.wav,,,,,,
ToyTrain/train/section_00_source_train_normal_0956_noAttribute.wav,,,,,,
ToyTrain/train/section_00_source_train_normal_0957_noAttribute.wav,,,,,,
ToyTrain/train/section_00_source_train_normal_0958_noAttribute.wav,,,,,,
ToyTrain/train/section_00_source_train_normal_0959_noAttribute.wav,,,,,,
ToyTrain/train/section_00_source_train_normal_0960_noAttribute.wav,,,,,,
ToyTrain/train/section_00_source_train_normal_0961_noAttribute.wav,,,,,,
ToyTrain/train/section_00_source_train_normal_0962_noAttribute.wav,,,,,,
ToyTrain/train/section_00_source_train_normal_0963_noAttribute.wav,,,,,,
ToyTrain/train/section_00_source_train_normal_0964_noAttribute.wav,,,,,,
ToyTrain/train/section_00_source_train_normal_0965_noAttribute.wav,,,,,,
ToyTrain/train/section_00_source_train_normal_0966_noAttribute.wav,,,,,,
ToyTrain/train/section_00_source_train_normal_0967_noAttribute.wav,,,,,,
ToyTrain/train/section_00_source_train_normal_0968_noAttribute.wav,,,,,,
ToyTrain/train/section_00_source_train_normal_0969_noAttribute.wav,,,,,,
ToyTrain/train/section_00_source_train_normal_0970_noAttribute.wav,,,,,,
ToyTrain/train/section_00_source_train_normal_0971_noAttribute.wav,,,,,,
ToyTrain/train/section_00_source_train_normal_0972_noAttribute.wav,,,,,,
ToyTrain/train/section_00_source_train_normal_0973_noAttribute.wav,,,,,,
ToyTrain/train/section_00_source_train_normal_0974_noAttribute.wav,,,,,,
ToyTrain/train/section_00_source_train_normal_0975_noAttribute.wav,,,,,,
ToyTrain/train/section_00_source_train_normal_0976_noAttribute.wav,,,,,,
ToyTrain/train/section_00_source_train_normal_0977_noAttribute.wav,,,,,,
ToyTrain/train/section_00_source_train_normal_0978_noAttribute.wav,,,,,,
ToyTrain/train/section_00_source_train_normal_0979_noAttribute.wav,,,,,,
ToyTrain/train/section_00_source_train_normal_0980_noAttribute.wav,,,,,,
ToyTrain/train/section_00_source_train_normal_0981_noAttribute.wav,,,,,,
ToyTrain/train/section_00_source_train_normal_0982_noAttribute.wav,,,,,,
ToyTrain/train/section_00_source_train_normal_0983_noAttribute.wav,,,,,,
ToyTrain/train/section_00_source_train_normal_0984_noAttribute.wav,,,,,,
ToyTrain/train/section_00_source_train_normal_0985_noAttribute.wav,,,,,,
ToyTrain/train/section_00_source_train_normal_0986_noAttribute.wav,,,,,,
ToyTrain/train/section_00_source_train_normal_0987_noAttribute.wav,,,,,,
ToyTrain/train/section_00_source_train_normal_0988_noAttribute.wav,,,,,,
ToyTrain/train/section_00_source_train_normal_0989_noAttribute.wav,,,,,,
ToyTrain/train/section_00_source_train_normal_0990_noAttribute.wav,,,,,,
ToyTrain/train/section_00_target_train_normal_0006_noAttribute.wav,,,,,,
ToyTrain/train/section_00_target_train_normal_0007_noAttribute.wav,,,,,,
ToyTrain/train/section_00_target_train_normal_0008_noAttribute.wav,,,,,,
ToyTrain/train/section_00_target_train_normal_0009_noAttribute.wav,,,,,,
ToyTrain/train/section_00_target_train_normal_0010_noAttribute.wav,,,,,,
ToyTrain/train/section_00_source_train_normal_0020_noAttribute.wav,,,,,,
ToyTrain/train/section_00_source_train_normal_0021_noAttribute.wav,,,,,,
ToyTrain/train/section_00_source_train_normal_0022_noAttribute.wav,,,,,,
ToyTrain/train/section_00_source_train_normal_0023_noAttribute.wav,,,,,,
ToyTrain/train/section_00_source_train_normal_0024_noAttribute.wav,,,,,,
ToyTrain/train/section_00_source_train_normal_0025_noAttribute.wav,,,,,,
ToyTrain/train/section_00_source_train_normal_0026_noAttribute.wav,,,,,,
ToyTrain/train/section_00_source_train_normal_0027_noAttribute.wav,,,,,,
ToyTrain/train/section_00_source_train_normal_0028_noAttribute.wav,,,,,,
ToyTrain/train/section_00_source_train_normal_0029_noAttribute.wav,,,,,,
ToyTrain/train/section_00_source_train_normal_0030_noAttribute.wav,,,,,,
ToyTrain/train/section_00_target_train_normal_0001_noAttribute.wav,,,,,,
ToyTrain/train/section_00_target_train_normal_0002_noAttribute.wav,,,,,,
ToyTrain/train/section_00_target_train_normal_0003_noAttribute.wav,,,,,,
ToyTrain/train/section_00_target_train_normal_0004_noAttribute.wav,,,,,,
ToyTrain/train/section_00_target_train_normal_0005_noAttribute.wav,,,,,,
ToyTrain/train/section_00_source_train_normal_0001_noAttribute.wav,,,,,,
ToyTrain/train/section_00_source_train_normal_0002_noAttribute.wav,,,,,,
ToyTrain/train/section_00_source_train_normal_0003_noAttribute.wav,,,,,,
ToyTrain/train/section_00_source_train_normal_0004_noAttribute.wav,,,,,,
ToyTrain/train/section_00_source_train_normal_0005_noAttribute.wav,,,,,,
ToyTrain/train/section_00_source_train_normal_0006_noAttribute.wav,,,,,,
ToyTrain/train/section_00_source_train_normal_0007_noAttribute.wav,,,,,,
ToyTrain/train/section_00_source_train_normal_0008_noAttribute.wav,,,,,,
ToyTrain/train/section_00_source_train_normal_0009_noAttribute.wav,,,,,,
ToyTrain/train/section_00_source_train_normal_0010_noAttribute.wav,,,,,,
ToyTrain/train/section_00_source_train_normal_0011_noAttribute.wav,,,,,,
ToyTrain/train/section_00_source_train_normal_0012_noAttribute.wav,,,,,,
ToyTrain/train/section_00_source_train_normal_0013_noAttribute.wav,,,,,,
ToyTrain/train/section_00_source_train_normal_0014_noAttribute.wav,,,,,,
ToyTrain/train/section_00_source_train_normal_0015_noAttribute.wav,,,,,,
ToyTrain/train/section_00_source_train_normal_0016_noAttribute.wav,,,,,,
ToyTrain/train/section_00_source_train_normal_0017_noAttribute.wav,,,,,,
ToyTrain/train/section_00_source_train_normal_0018_noAttribute.wav,,,,,,
ToyTrain/train/section_00_source_train_normal_0019_noAttribute.wav,,,,,,
ToyTrain/test/section_00_source_test_normal_0036_noAttribute.wav,,,,,,
ToyTrain/test/section_00_source_test_normal_0037_noAttribute.wav,,,,,,
ToyTrain/test/section_00_source_test_normal_0038_noAttribute.wav,,,,,,
ToyTrain/test/section_00_source_test_normal_0039_noAttribute.wav,,,,,,
ToyTrain/test/section_00_source_test_normal_0040_noAttribute.wav,,,,,,
ToyTrain/test/section_00_source_test_normal_0041_noAttribute.wav,,,,,,
ToyTrain/test/section_00_source_test_normal_0035_noAttribute.wav,,,,,,
ToyTrain/test/section_00_target_test_normal_0001_noAttribute.wav,,,,,,
ToyTrain/test/section_00_target_test_normal_0002_noAttribute.wav,,,,,,
ToyTrain/test/section_00_target_test_normal_0003_noAttribute.wav,,,,,,
ToyTrain/test/section_00_target_test_normal_0004_noAttribute.wav,,,,,,
ToyTrain/test/section_00_target_test_normal_0005_noAttribute.wav,,,,,,
ToyTrain/test/section_00_target_test_normal_0006_noAttribute.wav,,,,,,
ToyTrain/test/section_00_target_test_normal_0007_noAttribute.wav,,,,,,
ToyTrain/test/section_00_target_test_normal_0008_noAttribute.wav,,,,,,
ToyTrain/test/section_00_target_test_normal_0009_noAttribute.wav,,,,,,
ToyTrain/test/section_00_target_test_normal_0010_noAttribute.wav,,,,,,
ToyTrain/test/section_00_target_test_normal_0011_noAttribute.wav,,,,,,
ToyTrain/test/section_00_target_test_normal_0012_noAttribute.wav,,,,,,
ToyTrain/test/section_00_target_test_normal_0013_noAttribute.wav,,,,,,
ToyTrain/test/section_00_target_test_normal_0014_noAttribute.wav,,,,,,
ToyTrain/test/section_00_target_test_normal_0015_noAttribute.wav,,,,,,
ToyTrain/test/section_00_target_test_normal_0016_noAttribute.wav,,,,,,
ToyTrain/test/section_00_target_test_normal_0017_noAttribute.wav,,,,,,
ToyTrain/test/section_00_target_test_normal_0018_noAttribute.wav,,,,,,
ToyTrain/test/section_00_target_test_normal_0019_noAttribute.wav,,,,,,
ToyTrain/test/section_00_target_test_normal_0020_noAttribute.wav,,,,,,
ToyTrain/test/section_00_target_test_normal_0021_noAttribute.wav,,,,,,
ToyTrain/test/section_00_target_test_normal_0022_noAttribute.wav,,,,,,
ToyTrain/test/section_00_target_test_normal_0023_noAttribute.wav,,,,,,
ToyTrain/test/section_00_target_test_normal_0024_noAttribute.wav,,,,,,
ToyTrain/test/section_00_target_test_normal_0025_noAttribute.wav,,,,,,
ToyTrain/test/section_00_source_test_normal_0001_noAttribute.wav,,,,,,
ToyTrain/test/section_00_source_test_normal_0002_noAttribute.wav,,,,,,
ToyTrain/test/section_00_source_test_normal_0003_noAttribute.wav,,,,,,
ToyTrain/test/section_00_source_test_normal_0004_noAttribute.wav,,,,,,
ToyTrain/test/section_00_source_test_normal_0005_noAttribute.wav,,,,,,
ToyTrain/test/section_00_source_test_normal_0006_noAttribute.wav,,,,,,
ToyTrain/test/section_00_source_test_normal_0007_noAttribute.wav,,,,,,
ToyTrain/test/section_00_source_test_normal_0008_noAttribute.wav,,,,,,
ToyTrain/test/section_00_source_test_normal_0009_noAttribute.wav,,,,,,
ToyTrain/test/section_00_source_test_normal_0010_noAttribute.wav,,,,,,
ToyTrain/test/section_00_source_test_normal_0011_noAttribute.wav,,,,,,
ToyTrain/test/section_00_source_test_normal_0012_noAttribute.wav,,,,,,
ToyTrain/test/section_00_source_test_normal_0013_noAttribute.wav,,,,,,
ToyTrain/test/section_00_source_test_normal_0014_noAttribute.wav,,,,,,
ToyTrain/test/section_00_source_test_normal_0015_noAttribute.wav,,,,,,
ToyTrain/test/section_00_source_test_normal_0016_noAttribute.wav,,,,,,
ToyTrain/test/section_00_source_test_normal_0017_noAttribute.wav,,,,,,
ToyTrain/test/section_00_source_test_normal_0018_noAttribute.wav,,,,,,
ToyTrain/test/section_00_source_test_normal_0019_noAttribute.wav,,,,,,
ToyTrain/test/section_00_source_test_normal_0020_noAttribute.wav,,,,,,
ToyTrain/test/section_00_source_test_normal_0021_noAttribute.wav,,,,,,
ToyTrain/test/section_00_source_test_normal_0022_noAttribute.wav,,,,,,
ToyTrain/test/section_00_source_test_normal_0023_noAttribute.wav,,,,,,
ToyTrain/test/section_00_source_test_normal_0024_noAttribute.wav,,,,,,
ToyTrain/test/section_00_source_test_normal_0025_noAttribute.wav,,,,,,
ToyTrain/test/section_00_source_test_normal_0026_noAttribute.wav,,,,,,
ToyTrain/test/section_00_source_test_normal_0027_noAttribute.wav,,,,,,
ToyTrain/test/section_00_source_test_normal_0028_noAttribute.wav,,,,,,
ToyTrain/test/section_00_source_test_normal_0029_noAttribute.wav,,,,,,
ToyTrain/test/section_00_source_test_normal_0030_noAttribute.wav,,,,,,
ToyTrain/test/section_00_source_test_normal_0031_noAttribute.wav,,,,,,
ToyTrain/test/section_00_source_test_normal_0032_noAttribute.wav,,,,,,
ToyTrain/test/section_00_source_test_normal_0033_noAttribute.wav,,,,,,
ToyTrain/test/section_00_source_test_normal_0034_noAttribute.wav,,,,,,
ToyTrain/test/section_00_source_test_normal_0045_noAttribute.wav,,,,,,
ToyTrain/test/section_00_source_test_normal_0046_noAttribute.wav,,,,,,
ToyTrain/test/section_00_source_test_normal_0047_noAttribute.wav,,,,,,
ToyTrain/test/section_00_source_test_normal_0048_noAttribute.wav,,,,,,
ToyTrain/test/section_00_source_test_normal_0049_noAttribute.wav,,,,,,
ToyTrain/test/section_00_source_test_normal_0050_noAttribute.wav,,,,,,
ToyTrain/test/section_00_target_test_normal_0026_noAttribute.wav,,,,,,
ToyTrain/test/section_00_target_test_normal_0027_noAttribute.wav,,,,,,
ToyTrain/test/section_00_target_test_normal_0028_noAttribute.wav,,,,,,
ToyTrain/test/section_00_target_test_normal_0029_noAttribute.wav,,,,,,
ToyTrain/test/section_00_target_test_normal_0030_noAttribute.wav,,,,,,
ToyTrain/test/section_00_target_test_normal_0031_noAttribute.wav,,,,,,
ToyTrain/test/section_00_target_test_normal_0032_noAttribute.wav,,,,,,
ToyTrain/test/section_00_target_test_normal_0033_noAttribute.wav,,,,,,
ToyTrain/test/section_00_target_test_normal_0034_noAttribute.wav,,,,,,
ToyTrain/test/section_00_target_test_normal_0035_noAttribute.wav,,,,,,
ToyTrain/test/section_00_target_test_normal_0036_noAttribute.wav,,,,,,
ToyTrain/test/section_00_target_test_normal_0037_noAttribute.wav,,,,,,
ToyTrain/test/section_00_target_test_normal_0038_noAttribute.wav,,,,,,
ToyTrain/test/section_00_target_test_normal_0039_noAttribute.wav,,,,,,
ToyTrain/test/section_00_target_test_normal_0040_noAttribute.wav,,,,,,
ToyTrain/test/section_00_target_test_normal_0041_noAttribute.wav,,,,,,
ToyTrain/test/section_00_target_test_normal_0042_noAttribute.wav,,,,,,
ToyTrain/test/section_00_target_test_normal_0043_noAttribute.wav,,,,,,
ToyTrain/test/section_00_target_test_normal_0044_noAttribute.wav,,,,,,
ToyTrain/test/section_00_target_test_normal_0045_noAttribute.wav,,,,,,
ToyTrain/test/section_00_target_test_normal_0046_noAttribute.wav,,,,,,
ToyTrain/test/section_00_target_test_normal_0047_noAttribute.wav,,,,,,
ToyTrain/test/section_00_target_test_normal_0048_noAttribute.wav,,,,,,
ToyTrain/test/section_00_target_test_normal_0049_noAttribute.wav,,,,,,
ToyTrain/test/section_00_target_test_normal_0050_noAttribute.wav,,,,,,
ToyTrain/test/section_00_target_test_anomaly_0001_noAttribute.wav,,,,,,
ToyTrain/test/section_00_target_test_anomaly_0002_noAttribute.wav,,,,,,
ToyTrain/test/section_00_target_test_anomaly_0003_noAttribute.wav,,,,,,
ToyTrain/test/section_00_target_test_anomaly_0004_noAttribute.wav,,,,,,
ToyTrain/test/section_00_target_test_anomaly_0005_noAttribute.wav,,,,,,
ToyTrain/test/section_00_target_test_anomaly_0006_noAttribute.wav,,,,,,
ToyTrain/test/section_00_target_test_anomaly_0007_noAttribute.wav,,,,,,
ToyTrain/test/section_00_target_test_anomaly_0008_noAttribute.wav,,,,,,
ToyTrain/test/section_00_target_test_anomaly_0009_noAttribute.wav,,,,,,
ToyTrain/test/section_00_target_test_anomaly_0010_noAttribute.wav,,,,,,
ToyTrain/test/section_00_target_test_anomaly_0011_noAttribute.wav,,,,,,
ToyTrain/test/section_00_target_test_anomaly_0012_noAttribute.wav,,,,,,
ToyTrain/test/section_00_target_test_anomaly_0013_noAttribute.wav,,,,,,
ToyTrain/test/section_00_target_test_anomaly_0014_noAttribute.wav,,,,,,
ToyTrain/test/section_00_target_test_anomaly_0015_noAttribute.wav,,,,,,
ToyTrain/test/section_00_target_test_anomaly_0016_noAttribute.wav,,,,,,
ToyTrain/test/section_00_target_test_anomaly_0017_noAttribute.wav,,,,,,
ToyTrain/test/section_00_target_test_anomaly_0018_noAttribute.wav,,,,,,
ToyTrain/test/section_00_target_test_anomaly_0019_noAttribute.wav,,,,,,
ToyTrain/test/section_00_target_test_anomaly_0020_noAttribute.wav,,,,,,
ToyTrain/test/section_00_target_test_anomaly_0021_noAttribute.wav,,,,,,
ToyTrain/test/section_00_target_test_anomaly_0022_noAttribute.wav,,,,,,
ToyTrain/test/section_00_target_test_anomaly_0023_noAttribute.wav,,,,,,
ToyTrain/test/section_00_target_test_anomaly_0024_noAttribute.wav,,,,,,
ToyTrain/test/section_00_target_test_anomaly_0025_noAttribute.wav,,,,,,
ToyTrain/test/section_00_source_test_anomaly_0001_noAttribute.wav,,,,,,
ToyTrain/test/section_00_source_test_anomaly_0002_noAttribute.wav,,,,,,
ToyTrain/test/section_00_source_test_anomaly_0003_noAttribute.wav,,,,,,
ToyTrain/test/section_00_source_test_anomaly_0004_noAttribute.wav,,,,,,
ToyTrain/test/section_00_source_test_anomaly_0005_noAttribute.wav,,,,,,
ToyTrain/test/section_00_source_test_anomaly_0006_noAttribute.wav,,,,,,
ToyTrain/test/section_00_source_test_anomaly_0007_noAttribute.wav,,,,,,
ToyTrain/test/section_00_source_test_anomaly_0008_noAttribute.wav,,,,,,
ToyTrain/test/section_00_source_test_normal_0042_noAttribute.wav,,,,,,
ToyTrain/test/section_00_source_test_normal_0043_noAttribute.wav,,,,,,
ToyTrain/test/section_00_source_test_normal_0044_noAttribute.wav,,,,,,
ToyTrain/test/section_00_source_test_anomaly_0009_noAttribute.wav,,,,,,
ToyTrain/test/section_00_source_test_anomaly_0010_noAttribute.wav,,,,,,
ToyTrain/test/section_00_source_test_anomaly_0011_noAttribute.wav,,,,,,
ToyTrain/test/section_00_source_test_anomaly_0012_noAttribute.wav,,,,,,
ToyTrain/test/section_00_source_test_anomaly_0013_noAttribute.wav,,,,,,
ToyTrain/test/section_00_source_test_anomaly_0014_noAttribute.wav,,,,,,
ToyTrain/test/section_00_source_test_anomaly_0015_noAttribute.wav,,,,,,
ToyTrain/test/section_00_source_test_anomaly_0016_noAttribute.wav,,,,,,
ToyTrain/test/section_00_source_test_anomaly_0017_noAttribute.wav,,,,,,
ToyTrain/test/section_00_source_test_anomaly_0018_noAttribute.wav,,,,,,
ToyTrain/test/section_00_source_test_anomaly_0019_noAttribute.wav,,,,,,
ToyTrain/test/section_00_source_test_anomaly_0020_noAttribute.wav,,,,,,
ToyTrain/test/section_00_source_test_anomaly_0021_noAttribute.wav,,,,,,
ToyTrain/test/section_00_source_test_anomaly_0022_noAttribute.wav,,,,,,
ToyTrain/test/section_00_source_test_anomaly_0023_noAttribute.wav,,,,,,
ToyTrain/test/section_00_source_test_anomaly_0024_noAttribute.wav,,,,,,
ToyTrain/test/section_00_source_test_anomaly_0025_noAttribute.wav,,,,,,
ToyTrain/test/section_00_source_test_anomaly_0026_noAttribute.wav,,,,,,
ToyTrain/test/section_00_source_test_anomaly_0027_noAttribute.wav,,,,,,
ToyTrain/test/section_00_source_test_anomaly_0028_noAttribute.wav,,,,,,
ToyTrain/test/section_00_source_test_anomaly_0029_noAttribute.wav,,,,,,
ToyTrain/test/section_00_source_test_anomaly_0030_noAttribute.wav,,,,,,
ToyTrain/test/section_00_source_test_anomaly_0031_noAttribute.wav,,,,,,
ToyTrain/test/section_00_source_test_anomaly_0032_noAttribute.wav,,,,,,
ToyTrain/test/section_00_source_test_anomaly_0033_noAttribute.wav,,,,,,
ToyTrain/test/section_00_source_test_anomaly_0034_noAttribute.wav,,,,,,
ToyTrain/test/section_00_source_test_anomaly_0035_noAttribute.wav,,,,,,
ToyTrain/test/section_00_source_test_anomaly_0036_noAttribute.wav,,,,,,
ToyTrain/test/section_00_source_test_anomaly_0037_noAttribute.wav,,,,,,
ToyTrain/test/section_00_source_test_anomaly_0038_noAttribute.wav,,,,,,
ToyTrain/test/section_00_source_test_anomaly_0039_noAttribute.wav,,,,,,
ToyTrain/test/section_00_source_test_anomaly_0040_noAttribute.wav,,,,,,
ToyTrain/test/section_00_source_test_anomaly_0041_noAttribute.wav,,,,,,
ToyTrain/test/section_00_source_test_anomaly_0042_noAttribute.wav,,,,,,
ToyTrain/test/section_00_source_test_anomaly_0043_noAttribute.wav,,,,,,
ToyTrain/test/section_00_source_test_anomaly_0044_noAttribute.wav,,,,,,
ToyTrain/test/section_00_source_test_anomaly_0045_noAttribute.wav,,,,,,
ToyTrain/test/section_00_source_test_anomaly_0046_noAttribute.wav,,,,,,
ToyTrain/test/section_00_source_test_anomaly_0047_noAttribute.wav,,,,,,
ToyTrain/test/section_00_source_test_anomaly_0048_noAttribute.wav,,,,,,
ToyTrain/test/section_00_source_test_anomaly_0049_noAttribute.wav,,,,,,
ToyTrain/test/section_00_source_test_anomaly_0050_noAttribute.wav,,,,,,
ToyTrain/test/section_00_target_test_anomaly_0026_noAttribute.wav,,,,,,
ToyTrain/test/section_00_target_test_anomaly_0027_noAttribute.wav,,,,,,
ToyTrain/test/section_00_target_test_anomaly_0028_noAttribute.wav,,,,,,
ToyTrain/test/section_00_target_test_anomaly_0029_noAttribute.wav,,,,,,
ToyTrain/test/section_00_target_test_anomaly_0030_noAttribute.wav,,,,,,
ToyTrain/test/section_00_target_test_anomaly_0031_noAttribute.wav,,,,,,
ToyTrain/test/section_00_target_test_anomaly_0032_noAttribute.wav,,,,,,
ToyTrain/test/section_00_target_test_anomaly_0033_noAttribute.wav,,,,,,
ToyTrain/test/section_00_target_test_anomaly_0034_noAttribute.wav,,,,,,
ToyTrain/test/section_00_target_test_anomaly_0035_noAttribute.wav,,,,,,
ToyTrain/test/section_00_target_test_anomaly_0036_noAttribute.wav,,,,,,
ToyTrain/test/section_00_target_test_anomaly_0037_noAttribute.wav,,,,,,
ToyTrain/test/section_00_target_test_anomaly_0038_noAttribute.wav,,,,,,
ToyTrain/test/section_00_target_test_anomaly_0039_noAttribute.wav,,,,,,
ToyTrain/test/section_00_target_test_anomaly_0040_noAttribute.wav,,,,,,
ToyTrain/test/section_00_target_test_anomaly_0041_noAttribute.wav,,,,,,
ToyTrain/test/section_00_target_test_anomaly_0042_noAttribute.wav,,,,,,
ToyTrain/test/section_00_target_test_anomaly_0043_noAttribute.wav,,,,,,
ToyTrain/test/section_00_target_test_anomaly_0044_noAttribute.wav,,,,,,
ToyTrain/test/section_00_target_test_anomaly_0045_noAttribute.wav,,,,,,
ToyTrain/test/section_00_target_test_anomaly_0046_noAttribute.wav,,,,,,
ToyTrain/test/section_00_target_test_anomaly_0047_noAttribute.wav,,,,,,
ToyTrain/test/section_00_target_test_anomaly_0048_noAttribute.wav,,,,,,
ToyTrain/test/section_00_target_test_anomaly_0049_noAttribute.wav,,,,,,
ToyTrain/test/section_00_target_test_anomaly_0050_noAttribute.wav,,,,,,
